period,metric,value,unit,status,source_file,source_url,source_pdf_page,source_printed_page,exact_source_quote,interpretation_limit
2021-22,new_affordable_housing_units_and_additional_rental_subsidies,2243,mixed units plus additional supported households,reported actual / prior-year result,scss-annual-report-2024-2025.pdf,https://open.alberta.ca/dataset/3a6b50d8-c1f2-4e9a-94ec-62f1e0a34e59/resource/5b876aae-aaae-4c93-a9a1-4fe1305c7b39/download/scss-annual-report-2024-2025.pdf,38,36,This measure reports on the number of new affordable housing units and new rental subsidies the ministry has funded or supported for Albertans in need within a fiscal year.,"Mixed delivery/access measure, not net physical housing stock or population core-housing-need rate; comparable results unavailable before2021-22; definitions include regenerated completed units."
2022-23,new_affordable_housing_units_and_additional_rental_subsidies,2325,mixed units plus additional supported households,reported actual / prior-year result,scss-annual-report-2024-2025.pdf,https://open.alberta.ca/dataset/3a6b50d8-c1f2-4e9a-94ec-62f1e0a34e59/resource/5b876aae-aaae-4c93-a9a1-4fe1305c7b39/download/scss-annual-report-2024-2025.pdf,38,36,This measure reports on the number of new affordable housing units and new rental subsidies the ministry has funded or supported for Albertans in need within a fiscal year.,"Mixed delivery/access measure, not net physical housing stock or population core-housing-need rate; comparable results unavailable before2021-22; definitions include regenerated completed units."
2023-24,new_affordable_housing_units_and_additional_rental_subsidies,2302,mixed units plus additional supported households,reported actual / prior-year result,scss-annual-report-2024-2025.pdf,https://open.alberta.ca/dataset/3a6b50d8-c1f2-4e9a-94ec-62f1e0a34e59/resource/5b876aae-aaae-4c93-a9a1-4fe1305c7b39/download/scss-annual-report-2024-2025.pdf,38,36,This measure reports on the number of new affordable housing units and new rental subsidies the ministry has funded or supported for Albertans in need within a fiscal year.,"Mixed delivery/access measure, not net physical housing stock or population core-housing-need rate; comparable results unavailable before2021-22; definitions include regenerated completed units."
2024-25,new_affordable_housing_units_and_additional_rental_subsidies,798,mixed units plus additional supported households,reported actual / prior-year result,scss-annual-report-2024-2025.pdf,https://open.alberta.ca/dataset/3a6b50d8-c1f2-4e9a-94ec-62f1e0a34e59/resource/5b876aae-aaae-4c93-a9a1-4fe1305c7b39/download/scss-annual-report-2024-2025.pdf,38,36,This measure reports on the number of new affordable housing units and new rental subsidies the ministry has funded or supported for Albertans in need within a fiscal year.,"Mixed delivery/access measure, not net physical housing stock or population core-housing-need rate; comparable results unavailable before2021-22; definitions include regenerated completed units."
2024-25,housing_combined_measure_target,1500,mixed units plus additional supported households,target,scss-annual-report-2024-2025.pdf,https://open.alberta.ca/dataset/3a6b50d8-c1f2-4e9a-94ec-62f1e0a34e59/resource/5b876aae-aaae-4c93-a9a1-4fe1305c7b39/download/scss-annual-report-2024-2025.pdf,38,36,2024-25 Target,"Target, not observed delivery"
2023-24,newly_built_units_breakdown,641,housing units,reported actual / prior-year result,scss-annual-report-2024-2025.pdf,https://open.alberta.ca/dataset/3a6b50d8-c1f2-4e9a-94ec-62f1e0a34e59/resource/5b876aae-aaae-4c93-a9a1-4fe1305c7b39/download/scss-annual-report-2024-2025.pdf,38,36,Newly built units,Published breakdown label; do not conflate with combined measure or infer net stock/removals.
2023-24,additional_households_supported_rent_supplement,1661,additional supported households,reported actual / prior-year result,scss-annual-report-2024-2025.pdf,https://open.alberta.ca/dataset/3a6b50d8-c1f2-4e9a-94ec-62f1e0a34e59/resource/5b876aae-aaae-4c93-a9a1-4fe1305c7b39/download/scss-annual-report-2024-2025.pdf,38,36,Additional households supported though Rent Supplements,Incremental program household count; not completed housing units or population housing adequacy.
2024-25,newly_built_units_breakdown,388,housing units,reported actual / prior-year result,scss-annual-report-2024-2025.pdf,https://open.alberta.ca/dataset/3a6b50d8-c1f2-4e9a-94ec-62f1e0a34e59/resource/5b876aae-aaae-4c93-a9a1-4fe1305c7b39/download/scss-annual-report-2024-2025.pdf,38,36,Newly built units,Published breakdown label; do not conflate with combined measure or infer net stock/removals.
2024-25,additional_households_supported_rent_supplement,410,additional supported households,reported actual / prior-year result,scss-annual-report-2024-2025.pdf,https://open.alberta.ca/dataset/3a6b50d8-c1f2-4e9a-94ec-62f1e0a34e59/resource/5b876aae-aaae-4c93-a9a1-4fe1305c7b39/download/scss-annual-report-2024-2025.pdf,38,36,Additional households supported though Rent Supplements,Incremental program household count; not completed housing units or population housing adequacy.
2020,former_CEIS_clients_employed_three_months_after_services,61,percent of former surveyed service clients,reported actual / prior-year result,scss-annual-report-2024-2025.pdf,https://open.alberta.ca/dataset/3a6b50d8-c1f2-4e9a-94ec-62f1e0a34e59/resource/5b876aae-aaae-4c93-a9a1-4fe1305c7b39/download/scss-annual-report-2024-2025.pdf,49,47,"This performance measure captures the proportion (per cent) of former CEIS clients who found employment within three months after completing one of the following CEIS services: Exposure Course, Job Placement, Workshop, and Disability Related Employment Supports (DRES).",Selected service-client survey; not provincial employment rate or causal program effect; excludes nonsurveyed service types.
2021,former_CEIS_clients_employed_three_months_after_services,66,percent of former surveyed service clients,reported actual / prior-year result,scss-annual-report-2024-2025.pdf,https://open.alberta.ca/dataset/3a6b50d8-c1f2-4e9a-94ec-62f1e0a34e59/resource/5b876aae-aaae-4c93-a9a1-4fe1305c7b39/download/scss-annual-report-2024-2025.pdf,49,47,"This performance measure captures the proportion (per cent) of former CEIS clients who found employment within three months after completing one of the following CEIS services: Exposure Course, Job Placement, Workshop, and Disability Related Employment Supports (DRES).",Selected service-client survey; not provincial employment rate or causal program effect; excludes nonsurveyed service types.
2022,former_CEIS_clients_employed_three_months_after_services,75,percent of former surveyed service clients,reported actual / prior-year result,scss-annual-report-2024-2025.pdf,https://open.alberta.ca/dataset/3a6b50d8-c1f2-4e9a-94ec-62f1e0a34e59/resource/5b876aae-aaae-4c93-a9a1-4fe1305c7b39/download/scss-annual-report-2024-2025.pdf,49,47,"This performance measure captures the proportion (per cent) of former CEIS clients who found employment within three months after completing one of the following CEIS services: Exposure Course, Job Placement, Workshop, and Disability Related Employment Supports (DRES).",Selected service-client survey; not provincial employment rate or causal program effect; excludes nonsurveyed service types.
2023,former_CEIS_clients_employed_three_months_after_services,68,percent of former surveyed service clients,reported actual / prior-year result,scss-annual-report-2024-2025.pdf,https://open.alberta.ca/dataset/3a6b50d8-c1f2-4e9a-94ec-62f1e0a34e59/resource/5b876aae-aaae-4c93-a9a1-4fe1305c7b39/download/scss-annual-report-2024-2025.pdf,49,47,"This performance measure captures the proportion (per cent) of former CEIS clients who found employment within three months after completing one of the following CEIS services: Exposure Course, Job Placement, Workshop, and Disability Related Employment Supports (DRES).",Selected service-client survey; not provincial employment rate or causal program effect; excludes nonsurveyed service types.
2024,former_CEIS_clients_employed_three_months_after_services,67,percent of former surveyed service clients,reported actual / prior-year result,scss-annual-report-2024-2025.pdf,https://open.alberta.ca/dataset/3a6b50d8-c1f2-4e9a-94ec-62f1e0a34e59/resource/5b876aae-aaae-4c93-a9a1-4fe1305c7b39/download/scss-annual-report-2024-2025.pdf,49,47,"This performance measure captures the proportion (per cent) of former CEIS clients who found employment within three months after completing one of the following CEIS services: Exposure Course, Job Placement, Workshop, and Disability Related Employment Supports (DRES).",Selected service-client survey; not provincial employment rate or causal program effect; excludes nonsurveyed service types.
