calendar_year,geography,index_value,index_name,unit,status,source_file,source_pdf_page,source_printed_page,definition_pdf_page,definition_printed_page,provider,exact_definition_quote,limitation
2009,Alberta,0.692,Index of Economic Well-Being,dimensionless composite index; not poverty rate,historical unaudited indicator published in official annual report,Budget PDFs/2014-2015 Annual Report.pdf,122,116,133,127,Centre for the Study of Living Standards,"The rating indicates Alberta’s and Canada’s position on an indexed scale derived from weighting four variables of economic well-being: consumption, wealth, equality and security.",2009–2013 only; no UCP-period counterpart; no contemporary Canada comparison or poverty estimate
2009,Canada,0.543,Index of Economic Well-Being,dimensionless composite index; not poverty rate,historical unaudited indicator published in official annual report,Budget PDFs/2014-2015 Annual Report.pdf,122,116,133,127,Centre for the Study of Living Standards,"The rating indicates Alberta’s and Canada’s position on an indexed scale derived from weighting four variables of economic well-being: consumption, wealth, equality and security.",2009–2013 only; no UCP-period counterpart; no contemporary Canada comparison or poverty estimate
2010,Alberta,0.744,Index of Economic Well-Being,dimensionless composite index; not poverty rate,historical unaudited indicator published in official annual report,Budget PDFs/2014-2015 Annual Report.pdf,122,116,133,127,Centre for the Study of Living Standards,"The rating indicates Alberta’s and Canada’s position on an indexed scale derived from weighting four variables of economic well-being: consumption, wealth, equality and security.",2009–2013 only; no UCP-period counterpart; no contemporary Canada comparison or poverty estimate
2010,Canada,0.556,Index of Economic Well-Being,dimensionless composite index; not poverty rate,historical unaudited indicator published in official annual report,Budget PDFs/2014-2015 Annual Report.pdf,122,116,133,127,Centre for the Study of Living Standards,"The rating indicates Alberta’s and Canada’s position on an indexed scale derived from weighting four variables of economic well-being: consumption, wealth, equality and security.",2009–2013 only; no UCP-period counterpart; no contemporary Canada comparison or poverty estimate
2011,Alberta,0.757,Index of Economic Well-Being,dimensionless composite index; not poverty rate,historical unaudited indicator published in official annual report,Budget PDFs/2014-2015 Annual Report.pdf,122,116,133,127,Centre for the Study of Living Standards,"The rating indicates Alberta’s and Canada’s position on an indexed scale derived from weighting four variables of economic well-being: consumption, wealth, equality and security.",2009–2013 only; no UCP-period counterpart; no contemporary Canada comparison or poverty estimate
2011,Canada,0.562,Index of Economic Well-Being,dimensionless composite index; not poverty rate,historical unaudited indicator published in official annual report,Budget PDFs/2014-2015 Annual Report.pdf,122,116,133,127,Centre for the Study of Living Standards,"The rating indicates Alberta’s and Canada’s position on an indexed scale derived from weighting four variables of economic well-being: consumption, wealth, equality and security.",2009–2013 only; no UCP-period counterpart; no contemporary Canada comparison or poverty estimate
2012,Alberta,0.758,Index of Economic Well-Being,dimensionless composite index; not poverty rate,historical unaudited indicator published in official annual report,Budget PDFs/2014-2015 Annual Report.pdf,122,116,133,127,Centre for the Study of Living Standards,"The rating indicates Alberta’s and Canada’s position on an indexed scale derived from weighting four variables of economic well-being: consumption, wealth, equality and security.",2009–2013 only; no UCP-period counterpart; no contemporary Canada comparison or poverty estimate
2012,Canada,0.569,Index of Economic Well-Being,dimensionless composite index; not poverty rate,historical unaudited indicator published in official annual report,Budget PDFs/2014-2015 Annual Report.pdf,122,116,133,127,Centre for the Study of Living Standards,"The rating indicates Alberta’s and Canada’s position on an indexed scale derived from weighting four variables of economic well-being: consumption, wealth, equality and security.",2009–2013 only; no UCP-period counterpart; no contemporary Canada comparison or poverty estimate
2013,Alberta,0.727,Index of Economic Well-Being,dimensionless composite index; not poverty rate,historical unaudited indicator published in official annual report,Budget PDFs/2014-2015 Annual Report.pdf,122,116,133,127,Centre for the Study of Living Standards,"The rating indicates Alberta’s and Canada’s position on an indexed scale derived from weighting four variables of economic well-being: consumption, wealth, equality and security.",2009–2013 only; no UCP-period counterpart; no contemporary Canada comparison or poverty estimate
2013,Canada,0.562,Index of Economic Well-Being,dimensionless composite index; not poverty rate,historical unaudited indicator published in official annual report,Budget PDFs/2014-2015 Annual Report.pdf,122,116,133,127,Centre for the Study of Living Standards,"The rating indicates Alberta’s and Canada’s position on an indexed scale derived from weighting four variables of economic well-being: consumption, wealth, equality and security.",2009–2013 only; no UCP-period counterpart; no contemporary Canada comparison or poverty estimate
