baseline_calendar_year,endpoint_calendar_year,function,nominal_growth_pct,nominal_per_resident_growth_pct,cpi_adjusted_per_resident_growth_pct
2015,2024,Health,46.95500869997515,24.741928023091987,-1.2739691878512316
2015,2024,Basic and advanced education,25.773422072698015,6.76205800811962,-15.503997769484146
2015,2024,Social services,78.07239057239057,51.155741639480645,19.6310386013117
2015,2024,Other programs,55.35421686746989,31.87154837390058,4.3687135058341875
2015,2024,Total programs,45.838699785341916,23.794355514250153,-2.023918095866728
2015,2024,Debt servicing,314.3041237113402,251.67971229332417,178.33417890936434
2015,2024,Total expense,51.13634047410367,28.29122785181637,1.535096615487408
2018,2024,Health,34.84786277998266,18.409056026685523,-1.4290451059352782
2018,2024,Basic and advanced education,15.8203125,1.701084385866225,-15.337784641932828
2018,2024,Social services,44.23044145219022,26.647839057936707,5.429422800205486
2018,2024,Other programs,35.833473790662396,19.274514825795386,-0.7085841622173961
2018,2024,Total programs,30.888774723863357,14.932605827274559,-4.323055304955636
2018,2024,Debt servicing,63.11516996448503,43.23039980722729,19.23376262433205
2018,2024,Total expense,31.743155126770063,15.682831859117208,-3.698521178710701
2019,2024,Health,31.917172438414852,17.50854693583488,-0.41790037363279575
2019,2024,Basic and advanced education,14.868746242735952,2.322231517102691,-13.287476369763551
2019,2024,Social services,36.41786232468161,21.517649912863224,2.9795962551767197
2019,2024,Other programs,25.01357325680602,11.358991927467809,-5.629313632239629
2019,2024,Total programs,26.316069057104908,12.51922289705294,-4.646081016267345
2019,2024,Debt servicing,43.847874720357936,28.136120762356075,8.588390174382376
2019,2024,Total expense,27.01966561600657,13.145969269320656,-4.114947568436467
2023,2024,Health,7.698473421503271,3.2046119819477914,0.29602719334091976
2023,2024,Basic and advanced education,5.122562503820527,0.7361843588462147,-2.1028334705090246
2023,2024,Social services,5.314250155569389,0.9198735894544008,-1.9243210986837678
2023,2024,Other programs,1.787180296810864,-2.460024608190048,-5.208964633809565
2023,2024,Total programs,5.409598676044691,1.0112435666331132,-1.83552617431183
2023,2024,Debt servicing,2.0959034614163263,-2.1641833265012345,-4.921460958698953
2023,2024,Total expense,5.246050558528381,0.8545197109236069,-1.9878331283541217
