calendar_year,fiscal_year,function,nominal_million,population_july_1,cpi_index_2015_100,nominal_per_resident,cpi_adjusted_per_resident_2024_cad,expense_pdf_page,economic_pdf_page,source_file,status,caution
2015,2015-16,Health,20115.0,4150000.0,100.0,4846.987951807229,6124.247245020707,14,13,Budget PDFs/2024-2025 Budget.pdf,actual expense; derived intensity sensitivity,Accounting changes; July population/calendar CPI proxies; not service volume or quality.
2015,2015-16,Basic and advanced education,13673.0,4150000.0,100.0,3294.6987951807228,4162.904925735427,14,13,Budget PDFs/2024-2025 Budget.pdf,actual expense; derived intensity sensitivity,Accounting changes; July population/calendar CPI proxies; not service volume or quality.
2015,2015-16,Social services,4752.0,4150000.0,100.0,1145.0602409638554,1446.8020337230125,14,13,Budget PDFs/2024-2025 Budget.pdf,actual expense; derived intensity sensitivity,Accounting changes; July population/calendar CPI proxies; not service volume or quality.
2015,2015-16,Other programs,10375.0,4150000.0,100.0,2500.0,3158.7902146204237,14,13,Budget PDFs/2024-2025 Budget.pdf,actual expense; derived intensity sensitivity,Accounting changes; July population/calendar CPI proxies; not service volume or quality.
2015,2015-16,Total programs,48915.0,4150000.0,100.0,11786.746987951807,14892.744419099568,14,13,Budget PDFs/2024-2025 Budget.pdf,actual expense; derived intensity sensitivity,Accounting changes; July population/calendar CPI proxies; not service volume or quality.
2015,2015-16,Debt servicing,776.0,4150000.0,100.0,186.9879518072289,236.26228496823603,14,13,Budget PDFs/2024-2025 Budget.pdf,actual expense; derived intensity sensitivity,Accounting changes; July population/calendar CPI proxies; not service volume or quality.
2015,2015-16,Total expense,49061.0,4150000.0,100.0,11821.927710843374,14937.19582838483,14,13,Budget PDFs/2024-2025 Budget.pdf,actual expense; derived intensity sensitivity,Accounting changes; July population/calendar CPI proxies; not service volume or quality.
2016,2016-17,Health,20687.0,4195000.0,101.1,4931.34684147795,6163.042590607272,14,13,Budget PDFs/2024-2025 Budget.pdf,actual expense; derived intensity sensitivity,Accounting changes; July population/calendar CPI proxies; not service volume or quality.
2016,2016-17,Basic and advanced education,14110.0,4195000.0,101.1,3363.528009535161,4203.631795498072,14,13,Budget PDFs/2024-2025 Budget.pdf,actual expense; derived intensity sensitivity,Accounting changes; July population/calendar CPI proxies; not service volume or quality.
2016,2016-17,Social services,5198.0,4195000.0,101.1,1239.0941597139451,1548.5810115520183,14,13,Budget PDFs/2024-2025 Budget.pdf,actual expense; derived intensity sensitivity,Accounting changes; July population/calendar CPI proxies; not service volume or quality.
2016,2016-17,Other programs,12607.0,4195000.0,101.1,3005.244338498212,3755.860102469468,14,13,Budget PDFs/2024-2025 Budget.pdf,actual expense; derived intensity sensitivity,Accounting changes; July population/calendar CPI proxies; not service volume or quality.
2016,2016-17,Total programs,52602.0,4195000.0,101.1,12539.213349225269,15671.115500126833,14,13,Budget PDFs/2024-2025 Budget.pdf,actual expense; derived intensity sensitivity,Accounting changes; July population/calendar CPI proxies; not service volume or quality.
2016,2016-17,Debt servicing,1018.0,4195000.0,101.1,242.66984505363527,303.2811600153818,14,13,Budget PDFs/2024-2025 Budget.pdf,actual expense; derived intensity sensitivity,Accounting changes; July population/calendar CPI proxies; not service volume or quality.
2016,2016-17,Total expense,53077.0,4195000.0,101.1,12652.443384982122,15812.626846892357,14,13,Budget PDFs/2024-2025 Budget.pdf,actual expense; derived intensity sensitivity,Accounting changes; July population/calendar CPI proxies; not service volume or quality.
2017,2017-18,Health,21239.0,4237000.0,102.71759999999999,5012.744866650933,6166.113473510179,14,13,Budget PDFs/2024-2025 Budget.pdf,actual expense; derived intensity sensitivity,Accounting changes; July population/calendar CPI proxies; not service volume or quality.
2017,2017-18,Basic and advanced education,14471.0,4237000.0,102.71759999999999,3415.388246400755,4201.225484964724,14,13,Budget PDFs/2024-2025 Budget.pdf,actual expense; derived intensity sensitivity,Accounting changes; July population/calendar CPI proxies; not service volume or quality.
2017,2017-18,Social services,5592.0,4237000.0,102.71759999999999,1319.8017465187634,1623.4712813159244,14,13,Budget PDFs/2024-2025 Budget.pdf,actual expense; derived intensity sensitivity,Accounting changes; July population/calendar CPI proxies; not service volume or quality.
2017,2017-18,Other programs,13189.0,4237000.0,102.71759999999999,3112.8156714656598,3829.0348228318535,14,13,Budget PDFs/2024-2025 Budget.pdf,actual expense; derived intensity sensitivity,Accounting changes; July population/calendar CPI proxies; not service volume or quality.
2017,2017-18,Total programs,54491.0,4237000.0,102.71759999999999,12860.75053103611,15819.84506262268,14,13,Budget PDFs/2024-2025 Budget.pdf,actual expense; derived intensity sensitivity,Accounting changes; July population/calendar CPI proxies; not service volume or quality.
2017,2017-18,Debt servicing,1420.0,4237000.0,102.71759999999999,335.14278970970025,412.2548675730709,14,13,Budget PDFs/2024-2025 Budget.pdf,actual expense; derived intensity sensitivity,Accounting changes; July population/calendar CPI proxies; not service volume or quality.
2017,2017-18,Total expense,55318.0,4237000.0,102.71759999999999,13055.935803634648,16059.939974934603,14,13,Budget PDFs/2024-2025 Budget.pdf,actual expense; derived intensity sensitivity,Accounting changes; July population/calendar CPI proxies; not service volume or quality.
2018,2018-19,Health,21921.0,4293000.0,105.18282239999999,5106.219426974144,6133.882165014288,14,13,Budget PDFs/2024-2025 Budget.pdf,actual expense; derived intensity sensitivity,Accounting changes; July population/calendar CPI proxies; not service volume or quality.
2018,2018-19,Basic and advanced education,14848.0,4293000.0,105.18282239999999,3458.6536221756346,4154.73210100507,14,13,Budget PDFs/2024-2025 Budget.pdf,actual expense; derived intensity sensitivity,Accounting changes; July population/calendar CPI proxies; not service volume or quality.
2018,2018-19,Social services,5867.0,4293000.0,105.18282239999999,1366.6433729326811,1641.6900078526905,14,13,Budget PDFs/2024-2025 Budget.pdf,actual expense; derived intensity sensitivity,Accounting changes; July population/calendar CPI proxies; not service volume or quality.
2018,2018-19,Other programs,11866.0,4293000.0,105.18282239999999,2764.0344747262984,3320.3159422498766,14,13,Budget PDFs/2024-2025 Budget.pdf,actual expense; derived intensity sensitivity,Accounting changes; July population/calendar CPI proxies; not service volume or quality.
2018,2018-19,Total programs,54502.0,4293000.0,105.18282239999999,12695.550896808758,15250.620216121926,14,13,Budget PDFs/2024-2025 Budget.pdf,actual expense; derived intensity sensitivity,Accounting changes; July population/calendar CPI proxies; not service volume or quality.
2018,2018-19,Debt servicing,1971.0,4293000.0,105.18282239999999,459.1194968553459,551.5205395393989,14,13,Budget PDFs/2024-2025 Budget.pdf,actual expense; derived intensity sensitivity,Accounting changes; July population/calendar CPI proxies; not service volume or quality.
2018,2018-19,Total expense,56283.0,4293000.0,105.18282239999999,13110.412299091544,15748.975406847278,14,13,Budget PDFs/2024-2025 Budget.pdf,actual expense; derived intensity sensitivity,Accounting changes; July population/calendar CPI proxies; not service volume or quality.
2019,2019-20,Health,22408.0,4355000.0,107.0761132032,5145.3501722158435,6071.599458955778,14,13,Budget PDFs/2024-2025 Budget.pdf,actual expense; derived intensity sensitivity,Accounting changes; July population/calendar CPI proxies; not service volume or quality.
2019,2019-20,Basic and advanced education,14971.0,4355000.0,107.0761132032,3437.6578645235363,4056.4939084267653,14,13,Budget PDFs/2024-2025 Budget.pdf,actual expense; derived intensity sensitivity,Accounting changes; July population/calendar CPI proxies; not service volume or quality.
2019,2019-20,Social services,6203.0,4355000.0,107.0761132032,1424.3398392652125,1680.7448877143295,14,13,Budget PDFs/2024-2025 Budget.pdf,actual expense; derived intensity sensitivity,Accounting changes; July population/calendar CPI proxies; not service volume or quality.
2019,2019-20,Other programs,12893.0,4355000.0,107.0761132032,2960.505166475316,3493.44572582635,14,13,Budget PDFs/2024-2025 Budget.pdf,actual expense; derived intensity sensitivity,Accounting changes; July population/calendar CPI proxies; not service volume or quality.
2019,2019-20,Total programs,56475.0,4355000.0,107.0761132032,12967.853042479908,15302.283980923223,14,13,Budget PDFs/2024-2025 Budget.pdf,actual expense; derived intensity sensitivity,Accounting changes; July population/calendar CPI proxies; not service volume or quality.
2019,2019-20,Debt servicing,2235.0,4355000.0,107.0761132032,513.203214695752,605.5883965889934,14,13,Budget PDFs/2024-2025 Budget.pdf,actual expense; derived intensity sensitivity,Accounting changes; July population/calendar CPI proxies; not service volume or quality.
2019,2019-20,Total expense,58376.0,4355000.0,107.0761132032,13404.362801377727,15817.372813995114,14,13,Budget PDFs/2024-2025 Budget.pdf,actual expense; derived intensity sensitivity,Accounting changes; July population/calendar CPI proxies; not service volume or quality.
2020,2020-21,Health,23984.0,4407000.0,108.25395044843519,5442.250964374858,6352.074550836629,14,13,Budget PDFs/2024-2025 Budget.pdf,actual expense; derived intensity sensitivity,Accounting changes; July population/calendar CPI proxies; not service volume or quality.
2020,2020-21,Basic and advanced education,14134.0,4407000.0,108.25395044843519,3207.1704107102337,3743.3381296499715,14,13,Budget PDFs/2024-2025 Budget.pdf,actual expense; derived intensity sensitivity,Accounting changes; July population/calendar CPI proxies; not service volume or quality.
2020,2020-21,Social services,5919.0,4407000.0,108.25395044843519,1343.0905377808033,1567.6254697465813,14,13,Budget PDFs/2024-2025 Budget.pdf,actual expense; derived intensity sensitivity,Accounting changes; July population/calendar CPI proxies; not service volume or quality.
2020,2020-21,Other programs,13858.0,4407000.0,108.25395044843519,3144.5427728613568,3670.2405405893096,14,13,Budget PDFs/2024-2025 Budget.pdf,actual expense; derived intensity sensitivity,Accounting changes; July population/calendar CPI proxies; not service volume or quality.
2020,2020-21,Total programs,57895.0,4407000.0,108.25395044843519,13137.054685727253,15333.278690822493,14,13,Budget PDFs/2024-2025 Budget.pdf,actual expense; derived intensity sensitivity,Accounting changes; July population/calendar CPI proxies; not service volume or quality.
2020,2020-21,Debt servicing,2486.0,4407000.0,108.25395044843519,564.1025641025641,658.4079942203077,14,13,Budget PDFs/2024-2025 Budget.pdf,actual expense; derived intensity sensitivity,Accounting changes; July population/calendar CPI proxies; not service volume or quality.
2020,2020-21,Total expense,60099.0,4407000.0,108.25395044843519,13637.16814159292,15917.000017959079,14,13,Budget PDFs/2024-2025 Budget.pdf,actual expense; derived intensity sensitivity,Accounting changes; July population/calendar CPI proxies; not service volume or quality.
2021,2021-22,Health,25143.0,4432000.0,111.71807686278513,5673.059566787004,6416.152354120938,14,13,Budget PDFs/2024-2025 Budget.pdf,actual expense; derived intensity sensitivity,Accounting changes; July population/calendar CPI proxies; not service volume or quality.
2021,2021-22,Basic and advanced education,14308.0,4432000.0,111.71807686278513,3228.3393501805053,3651.2074089314074,14,13,Budget PDFs/2024-2025 Budget.pdf,actual expense; derived intensity sensitivity,Accounting changes; July population/calendar CPI proxies; not service volume or quality.
2021,2021-22,Social services,5992.0,4432000.0,111.71807686278513,1351.985559566787,1529.077075364621,14,13,Budget PDFs/2024-2025 Budget.pdf,actual expense; derived intensity sensitivity,Accounting changes; July population/calendar CPI proxies; not service volume or quality.
2021,2021-22,Other programs,16688.0,4432000.0,111.71807686278513,3765.3429602888086,4258.551107090252,14,13,Budget PDFs/2024-2025 Budget.pdf,actual expense; derived intensity sensitivity,Accounting changes; July population/calendar CPI proxies; not service volume or quality.
2021,2021-22,Total programs,62131.0,4432000.0,111.71807686278513,14018.727436823105,15854.987945507219,14,13,Budget PDFs/2024-2025 Budget.pdf,actual expense; derived intensity sensitivity,Accounting changes; July population/calendar CPI proxies; not service volume or quality.
2021,2021-22,Debt servicing,2641.0,4432000.0,111.71807686278513,595.8935018050541,673.9473558140794,14,13,Budget PDFs/2024-2025 Budget.pdf,actual expense; derived intensity sensitivity,Accounting changes; July population/calendar CPI proxies; not service volume or quality.
2021,2021-22,Total expense,64407.0,4432000.0,111.71807686278513,14532.265342960289,16435.79225517509,14,13,Budget PDFs/2024-2025 Budget.pdf,actual expense; derived intensity sensitivity,Accounting changes; July population/calendar CPI proxies; not service volume or quality.
2022,2022-23,Health,25486.0,4511000.0,118.86803378200338,5649.745067612503,6005.436067834182,14,13,Budget PDFs/2024-2025 Budget.pdf,actual expense; derived intensity sensitivity,Accounting changes; July population/calendar CPI proxies; not service volume or quality.
2022,2022-23,Basic and advanced education,15220.0,4511000.0,118.86803378200338,3373.974728441587,3586.390055420083,14,13,Budget PDFs/2024-2025 Budget.pdf,actual expense; derived intensity sensitivity,Accounting changes; July population/calendar CPI proxies; not service volume or quality.
2022,2022-23,Social services,7222.0,4511000.0,118.86803378200338,1600.975393482598,1701.7680013300815,14,13,Budget PDFs/2024-2025 Budget.pdf,actual expense; derived intensity sensitivity,Accounting changes; July population/calendar CPI proxies; not service volume or quality.
2022,2022-23,Other programs,13769.0,4511000.0,118.86803378200338,3052.3165595211703,3244.4812531589437,14,13,Budget PDFs/2024-2025 Budget.pdf,actual expense; derived intensity sensitivity,Accounting changes; July population/calendar CPI proxies; not service volume or quality.
2022,2022-23,Total programs,61691.0,4511000.0,118.86803378200338,13675.681667036133,14536.661557747722,14,13,Budget PDFs/2024-2025 Budget.pdf,actual expense; derived intensity sensitivity,Accounting changes; July population/calendar CPI proxies; not service volume or quality.
2022,2022-23,Debt servicing,2828.0,4511000.0,118.86803378200338,626.9119929062292,666.3804912436265,14,13,Budget PDFs/2024-2025 Budget.pdf,actual expense; derived intensity sensitivity,Accounting changes; July population/calendar CPI proxies; not service volume or quality.
2022,2022-23,Total expense,64498.0,4511000.0,118.86803378200338,14297.938372866327,15198.093679006868,14,13,Budget PDFs/2024-2025 Budget.pdf,actual expense; derived intensity sensitivity,Accounting changes; July population/calendar CPI proxies; not service volume or quality.
2023,2023-24,Health,27447.0,4685000.0,122.79067889680948,5858.484525080043,6028.380576307363,14,13,Budget PDFs/2024-2025 Budget.pdf,actual expense; derived intensity sensitivity,Accounting changes; July population/calendar CPI proxies; not service volume or quality.
2023,2023-24,Basic and advanced education,16359.0,4685000.0,122.79067889680948,3491.7822838847387,3593.043970117396,14,13,Budget PDFs/2024-2025 Budget.pdf,actual expense; derived intensity sensitivity,Accounting changes; July population/calendar CPI proxies; not service volume or quality.
2023,2023-24,Social services,8035.0,4685000.0,122.79067889680948,1715.0480256136607,1764.7844183564566,14,13,Budget PDFs/2024-2025 Budget.pdf,actual expense; derived intensity sensitivity,Accounting changes; July population/calendar CPI proxies; not service volume or quality.
2023,2023-24,Other programs,15835.0,4685000.0,122.79067889680948,3379.9359658484527,3477.9541088580577,14,13,Budget PDFs/2024-2025 Budget.pdf,actual expense; derived intensity sensitivity,Accounting changes; July population/calendar CPI proxies; not service volume or quality.
2023,2023-24,Total programs,67676.0,4685000.0,122.79067889680948,14445.250800426895,14864.163073639273,14,13,Budget PDFs/2024-2025 Budget.pdf,actual expense; derived intensity sensitivity,Accounting changes; July population/calendar CPI proxies; not service volume or quality.
2023,2023-24,Debt servicing,3149.0,4685000.0,122.79067889680948,672.145144076841,691.6373532550693,14,13,Budget PDFs/2024-2025 Budget.pdf,actual expense; derived intensity sensitivity,Accounting changes; July population/calendar CPI proxies; not service volume or quality.
2023,2023-24,Total expense,70453.0,4685000.0,122.79067889680948,15037.993596584845,15474.095410885804,14,13,Budget PDFs/2024-2025 Budget.pdf,actual expense; derived intensity sensitivity,Accounting changes; July population/calendar CPI proxies; not service volume or quality.
2024,2024-25,Health,29560.0,4889000.0,126.35160858481694,6046.226222131315,6046.226222131315,14,13,Budget PDFs/2024-2025 Budget.pdf,actual expense; derived intensity sensitivity,Accounting changes; July population/calendar CPI proxies; not service volume or quality.
2024,2024-25,Basic and advanced education,17197.0,4889000.0,126.35160858481694,3517.488238903661,3517.488238903661,14,13,Budget PDFs/2024-2025 Budget.pdf,actual expense; derived intensity sensitivity,Accounting changes; July population/calendar CPI proxies; not service volume or quality.
2024,2024-25,Social services,8462.0,4889000.0,126.35160858481694,1730.8242994477398,1730.8242994477398,14,13,Budget PDFs/2024-2025 Budget.pdf,actual expense; derived intensity sensitivity,Accounting changes; July population/calendar CPI proxies; not service volume or quality.
2024,2024-25,Other programs,16118.0,4889000.0,126.35160858481694,3296.7887093475147,3296.7887093475147,14,13,Budget PDFs/2024-2025 Budget.pdf,actual expense; derived intensity sensitivity,Accounting changes; July population/calendar CPI proxies; not service volume or quality.
2024,2024-25,Total programs,71337.0,4889000.0,126.35160858481694,14591.32746983023,14591.32746983023,14,13,Budget PDFs/2024-2025 Budget.pdf,actual expense; derived intensity sensitivity,Accounting changes; July population/calendar CPI proxies; not service volume or quality.
2024,2024-25,Debt servicing,3215.0,4889000.0,126.35160858481694,657.5986909388423,657.5986909388423,14,13,Budget PDFs/2024-2025 Budget.pdf,actual expense; derived intensity sensitivity,Accounting changes; July population/calendar CPI proxies; not service volume or quality.
2024,2024-25,Total expense,74149.0,4889000.0,126.35160858481694,15166.496215995092,15166.496215995092,14,13,Budget PDFs/2024-2025 Budget.pdf,actual expense; derived intensity sensitivity,Accounting changes; July population/calendar CPI proxies; not service volume or quality.
