fiscal_year,metric,value,unit,source_pdf,physical_pdf_page,excerpt,interpretation,source_report_fiscal_year,year_semantics,indicator_class,derived_value_formula
2017-18,school new spaces,21600,student spaces approximate,Budget PDFs/2017 Budget.pdf,93,"years was announced in April 2017. The $1.4 billion Calgary Cancer Centre, set to
open in 2023, is one of the largest construction projects underway in Alberta. It will
add approximately 1,500 jobs to the Calgary economy over the next six years.
In September 2017, thousands of Alberta students started the school year in new and
updated schools. Our government is committed to meeting the needs of Alberta’s
student population. We created approximately 21,600 new student spaces and
modernized or replaced an additional 15,000 student spaces. In today’s Alberta, our
kids deserve a world-class education that prepares them for a great future.
We are building on our strengths by leveraging billions of dollars in new private-sector
investment to create thousands of jobs in a diversified energy industry. In addition to
support for the commercialization of partial upgrading, work is underway to ensure
companies have access to the natural gas liquids they need to grow private investment
in Alberta-based natural gas processing and to build on the early success of Alberta’s
Petrochemicals Diversification Program.
Small and medium-sized enterprises are essential to Alberta’s economy, bringing
exciting new ideas and creating jobs and opportunities for all Albertans. In 2017-18","annual overview contextualized September2017; gross capacity claim, not independently reconciled net seats",2017-18,2017-18 overview framed by September2017 new/updatedschools; exact fiscal coverage not statistically reconciled.,gross reported capacity,
2017-18,school modernized or replaced spaces,15000,student spaces approximate,Budget PDFs/2017 Budget.pdf,93,"years was announced in April 2017. The $1.4 billion Calgary Cancer Centre, set to
open in 2023, is one of the largest construction projects underway in Alberta. It will
add approximately 1,500 jobs to the Calgary economy over the next six years.
In September 2017, thousands of Alberta students started the school year in new and
updated schools. Our government is committed to meeting the needs of Alberta’s
student population. We created approximately 21,600 new student spaces and
modernized or replaced an additional 15,000 student spaces. In today’s Alberta, our
kids deserve a world-class education that prepares them for a great future.
We are building on our strengths by leveraging billions of dollars in new private-sector
investment to create thousands of jobs in a diversified energy industry. In addition to
support for the commercialization of partial upgrading, work is underway to ensure
companies have access to the natural gas liquids they need to grow private investment
in Alberta-based natural gas processing and to build on the early success of Alberta’s
Petrochemicals Diversification Program.
Small and medium-sized enterprises are essential to Alberta’s economy, bringing
exciting new ideas and creating jobs and opportunities for all Albertans. In 2017-18","combined improvement/replacement,not additional seats",2017-18,2017-18 overview framed by September2017 new/updatedschools; exact fiscal coverage not statistically reconciled.,gross reported capacity,
2016-17,new-school and modernization project completions,83,projects,Budget PDFs/2016-2017 Budget.pdf,3,"facilities. We will continue to sustain this momentum going forward.
By keeping Albertans working on important projects across the province, we were able to
keep shovels in the ground on critical infrastructure like the Red Deer Hospital obstetrics
expansion, the Medicine Hat Regional Hospital expansion, twinning of Highway 63 between
Grassland and Fort McMurray, and completion of the Anthony Henday Drive in Edmonton.
We completed 83 new school and modernization projects, and got work underway on
11 courthouse projects. The Alberta Jobs Plan is not only keeping Albertans working and
supporting our economy through tough times—it’s also building schools, transportation and
green infrastructure that make Albertans lives better.
In addition to lowering Alberta’s small business tax from three per cent to two per cent,
making Alberta’s small business tax rate the second lowest among the provinces, government
introduced two new tax credits to encourage investment that spurs economic diversification
and job growth. We also supported businesses by making hundreds of millions of dollars
available for investment into businesses, expansion of the knowledge economy, and regional
economic development.
I was pleased to deliver on our government’s commitment to support small Alberta brewers","governmentmessage annual claim; not83newschools,definitions/cohorts unharmonized",2016-17,"2016-17 annual achievements context, mixed schooltypes.",mixed reported annual project completions,
2022-23,new continuing care spaces,871,spaces,Budget PDFs/2022-2023 Budget.pdf,15,"• Alberta’s Recovery Plan                        opportunities for improvement
completed across Alberta municipalities.
This included the completion of 16 new        - Work continued to be underway                outlined in the GPPD Review
school projects, 21 bridges and over 52         on initiatives and projects funded           Report. The Ministry of
road rehabilitation projects, 415 housing       through Alberta’s Recovery Plan.             Infrastructure, in collaboration with
units, 871 new continuing care spaces, as       A total of $43 million was spent             the Ministry of Service Alberta and
well as continued progress on 44 school         in capital grants on modernizing             Red Tape Reduction, has reviewed
projects, six courthouse projects, and 14       irrigation district infrastructure,          the recommended opportunities
health facility projects.                       the Strategic Transportation                 outlined in the report and will
                                                Infrastructure Program, and the              collaborate with industry and
The Plan continued a significant focus
                                                Municipal Water and Wastewater               other key stakeholders as this
on maintaining Alberta’s existing
                                                Program. Capital investment                  work progresses.
buildings, roads, bridges and other
                                                spending totaled $248 million.",gross delivered spaces; not acute beds or reconciled provincialnet; different scope versusASLI1177,2022-23,2022-23 annual capital spending introduction explicitly reports completion of871newspaces; exact service-startdates not established.,gross reported capacity,
2020-21,government data-centre consolidation original,37,data centres,Budget PDFs/2020-21 Budget.pdf,23,"One IMT Enterprise                             • Dr. Freda Miller School construction
  programs and services for seniors        IT Environment
                                                                                          • École Joseph-Moreau School
  throughout Calgary.                      Total Provincial Support: $38 million            replacement
                                           • This project consolidated 37                 • École Les Cyprès School replacement
Grande Prairie Regional                      independently managed data centres           • Evergreen Elementary School
Hospital (Phase 2)                           into three enterprise class data centres       replacement
                                             to deliver a consistent IT experience        • Forest Lawn High School
Total Provincial Support: $850 million       across government increasing the               modernization
(Phases 1 and 2)                             stability, security and flexibility of the
Expected Completion: Summer 2021                                                          • Heritage Hills Elementary School
                                             governments’ IT services.
                                                                                            (formerly Wye School) replacement
• Fit out shelled space in the new
  hospital to accommodate a Mental                                                        • Huntsville School replacement
  Health and Addictions wing","sameproject consolidated37into3; reduction is consolidation,not reduced services",2020-21,Completedstatusasof2021; eventdateunknown; countreductiondoesnotimplycapacityloss.,service-infrastructure consolidation,
2020-21,government data-centre consolidation resulting,3,enterprise-class data centres,Budget PDFs/2020-21 Budget.pdf,23,"One IMT Enterprise                             • Dr. Freda Miller School construction
  programs and services for seniors        IT Environment
                                                                                          • École Joseph-Moreau School
  throughout Calgary.                      Total Provincial Support: $38 million            replacement
                                           • This project consolidated 37                 • École Les Cyprès School replacement
Grande Prairie Regional                      independently managed data centres           • Evergreen Elementary School
Hospital (Phase 2)                           into three enterprise class data centres       replacement
                                             to deliver a consistent IT experience        • Forest Lawn High School
Total Provincial Support: $850 million       across government increasing the               modernization
(Phases 1 and 2)                             stability, security and flexibility of the
Expected Completion: Summer 2021                                                          • Heritage Hills Elementary School
                                             governments’ IT services.
                                                                                            (formerly Wye School) replacement
• Fit out shelled space in the new
  hospital to accommodate a Mental                                                        • Huntsville School replacement
  Health and Addictions wing",no measure of digital servicecapacity or broadband connections,2020-21,Completedstatusasof2021; eventdateunknown; countreductiondoesnotimplycapacityloss.,service-infrastructure consolidation,
2017-18,government-owned operated buildings energy intensity,1649,MJ/m²,Budget PDFs/2017 Budget.pdf,107,"The measure is used to evaluate a building’s (or a portfolio’s) energy performance. It
                     represents energy consumption intensity, which is energy consumed by a building (or
                     buildings) relative to its size. Generally, lower energy consumption intensity signifies
                     better energy performance. This measure is also an indicator of success in reducing
                     energy consumption through efficiencies and green technologies.
                     When comparing 2017-18 result of 1,649 MJ/m2 against the 2017-18 target of
                     1,650 MJ/m2, government exceeded expected performance. This minor positive
                     variance is attributed to major building renovations and the implementation of several
                     energy efficiency projects. Although fish hatcheries continue to have higher energy
                     consumption needs to meet operational requirements, energy efficiency projects
                     completed in 2016-17 have compensated and contributed to the overall decrease in
                     energy consumption intensity achieved in 2017-18.
                     Based on 2016-17 energy project planning activities and the assumption that current
                     expenditure levels for energy related projects are maintained; it was estimated that
                     energy consumption intensity could be reduced by between 0.3 and 0.5 per cent per
                     year.","weather-normalized portfoliointensity; proxy efficiency,not assetcondition; changesmethodology2016-17 retrospective revised",2017-18,Fiscal-year portfolio energy intensity; not stock growth or condition.,building performance,
2014-15,EvanThomas water treatment facility completion,,facility,Budget PDFs/2015-2016 Annual Report.pdf,68,"pdf named:
       East goa_ar16_sch12_t3.pdf
            Calgary Ring Road                       Partnership                                 15-16 GoA Annual Report - CFS
    Alberta Schools Alternative                   ABC Schools             September 2012     June 2014             July 2014
      Procurement Phase 3                           Partnership
    Evan Thomas Water &                           EPCOR Water              October 2012     August 2014           August 2014
     Sch 12 - Table
      Wastewater       3 Facilities
                 Treatment                          Services Inc.


    The calculation of the liabilities under public private partnerships is as follows:
                                                                                           2016                      2015
                                                                                                    In millions
    pdf name: goa_ar16_sch12_t2.pdf
     Liabilities beginning of year                                                  $             2,629     $               2,469",operationalcontracts table sayscompletionAugust2014; outside2015-25studywindow; donotclassifyasNDP/UCPdelivery,2015-16,"P3completionAugust2014, recordedasoperationalin2015-16 source.",out-of-window dated operational asset,
2023-24,Highway19 east corridor twinning construction completed,3.5,route km,Budget PDFs/tbf-goa-2023-2024 Budget.pdf,23,"Expected Completion: Summer 2024                                                          Total Capital Plan Funding:
                                           Highway 19 (East and West)
• This project modernizes the hatchery                                                    $16 million
  into a recirculating aquaculture         Total Capital Plan Funding: $95 million
                                                                                          • Improvements complete to the
  system and will result in improved       • The construction is complete for the           Canadian Wilds Redevelopment,
  utility operations.                        twinning of 3.5 km of Highway 19               which is comprised of major upgrades
                                             from Highway 60 to 3.5 km East of              and expansion of the River Otter
David Thompson                               Highway 60, and realignment and                habitat and new habitats for the iconic
Corridor Upgrades                            improvements to the Highway 19                 Polar Bear and arctic species.
                                             and Highway 60 intersection and
Total Capital Plan Funding: $8 million
                                             intersection improvements and service        Schools
Expected Completion: 2024
                                             roads along the corridor.
• This project improves the                                                               The following 14 school projects were
  infrastructure and safety for staging                                                   completed in 2023-24 with total capital",local targeted expansion;routekmnotlanekm; doesnotestablishprovincialnetnetworkgrowth,2023-24,Report-year/asof observation; actual event year not independently verified unless interpretation explicitly says dated.,selected physical project/status,
2023-24,RedDeerJusticeCentre courtrooms,12,courtrooms,Budget PDFs/tbf-goa-2023-2024 Budget.pdf,23,"Red Deer Justice Centre
  areas and recreational services across                                                  plan funding of over $450 million:
  12 sites along the David                 Total Capital Plan Funding:
                                                                                          • Condor: Charlotte Small Elementary
  Thompson highway.                        $203 million
                                                                                            School and Leslieville: David
                                           • The new justice centre features 12             Thompson High School (Various)
Affordable Housing, Leduc                    courtrooms, with space for future            • École des Quatre-Vents (Peace River)
                                             expansion if required to address needs
Total Capital Plan Funding: $2 million                                                    • École Quatre-Saisons (Beaumont)
                                             in the community and ensuring vital
Expected Completion: Fall 2024                                                            • École St. Anne Catholic School
                                             justice services are delivered effectively
• Construction of a 24-unit apartment        to residents of central Alberta.               (Whitecourt)
  building to meet the needs with low                                                     • H.A. Kostash Replacement
  incomes featuring rents less than 60     Misericordia Community                           (Smoky Lake)
  per cent of the median market rent.      Hospital Modernization Program                 • H.W. Pickup Junior High School",grossnewbuildingcapacity; predecessor courtrooms/retirementsunknown; map19listscompleted,2023-24,Report-year/asof observation; actual event year not independently verified unless interpretation explicitly says dated.,selected physical project/status,
2024-25,Conklin Indigenous housing units,15,units,Budget PDFs/2024-2025 Budget.pdf,23,"• This project includes the redesign and     Indigenous Affordable                         (Manning)
  new construction of Alberta’s largest
                                             Housing, Conklin - Indigenous               • Ohpaho Secondary School (Leduc)
  provincial campus-based care facility
  serving at-risk youth in Edmonton.         Housing Initiative                          • Solution for Milk River & Erle Rivers
                                             Total Capital Plan Funding: $4 million        Schools (Milk River)
                                             • Construction is complete for five four-
                                               bedroom units and 10 two-and-three-
                                               bedroom units designed for Metis
                                               families living in the area.
2024-25 Final Results | Year-End Report                                                                                       23",fivefourbedroom+tentwo/threebedroom;not15buildings;netprovincialhousinggrowthunknown,2024-25,Report-year/asof observation; actual event year not independently verified unless interpretation explicitly says dated.,gross reported capacity,5 four-bedroom units + 10 two-and-three-bedroom units = 15 units.
2021-22,NorthernLightsCo-op MackenzieCounty natural gas supply line constructed,100,km approximately,Budget PDFs/2021-22 Budget.pdf,23,"seniors building.
Plan budget due to close out costs.                                                      • Carstairs Elementary School
                                                                                         • Chinook Learning Centre
Northern Lights Gas                         Renal Dialysis Services at the                 (Planning Only) (Calgary)
Co-op - Gas Supply Line                     High Prairie Health Complex
                                                                                         • Delia School
for Mackenzie County
                                            Total Capital Plan Funding: $5.2 million     • École Père Kenneth Kearns Catholic
Total Capital Plan Funding: $16 million     • Introduction of renal dialysis services      School (Sherwood Park)
• Construction of approximately 100           to the community with six stations.        • École Secondaire Beaumont
  kilometres of a natural gas supply line                                                  Composite High School (Beaumont)
  from a pipeline northeast of Peace                                                     • Garth Worthington School
                                            Lloydminster Continuing
  River north to Mackenzie County.                                                         (Edmonton)
                                            Care Centre
                                                                                         • Grande Prairie Composite High
Grande Prairie Regional                     Total Capital Plan Funding: $34 million      • Highlands School (Edmonton)
Hospital (Phase 2)                          • Phase two of this facility project         • Holy Trinity Catholic High School",completedproject100kmservicecorridor;notnewgasproductioncapacity;connectedcustomers/netprovincialnetworkunknown,2021-22,Report-year/asof observation; actual event year not independently verified unless interpretation explicitly says dated.,selected physical project/status,
2019-20,University of Lethbridge Destination project completion,,project,Budget PDFs/2019-20 Budget.pdf,19,"• This project addressed deterioration       addition.
                                            and safety issues impacting campus       • Four Winds Public School
                                            facilities.                                construction.
                                                                                     • Irma School replacement.
                                          University of Lethbridge
                                                                                     • Joseph M. Demko School
                                          Destination Project                          construction.
                                          Total Project Cost: $247.7 million         • Meadow Ridge School construction.
                                          • Completed January 2020, this             • Menno-Simons Community
                                            project involved replacing the             School gymnasium addition and
                                            outdated and over-crowded science          modernization.
                                            building on campus.                      • Soraya Hafez School construction.
                                                                                     • St. Edmund Elementary/Junior High
                                          Red Deer Secure                              School modernization.
                                          Detoxification and Residential             • St. Kateri Catholic School
                                          Treatment Facility                           modernization.
                                          Total Project Cost: $9.1 million           • St. Patrick’s Community School
                                                                                       modernization.","explicit January2020completion; replacement of outdated overcrowded sciencebuilding, seats notquantified",2019-20,ExplicitcompletionJanuary2020 givesfiscal2019-20; numericseatcapacityunknown.,selected physical project/status,
2022-23,University of Calgary MacKimmie redevelopment completed status,,project,Budget PDFs/2022-2023 Budget.pdf,23,"Building Redevelopment
Committed as of Budget 2022:                                                           • Bayside School (Calgary)
                                           Total Capital Plan Funding:
$49 million over three years
                                           $262 million                                • Ben Calf Robe – St. Clare Catholic
Expected Completion: Winter 2025
                                           • The MacKimmie Complex project               Elementary/Junior High School
• This project will consolidate                                                          (Edmonton)
                                             renewed the building’s vacated space
  and centralize drug production
                                             to increase student capacity.             • Blue Hills Community School
  and distribution activities
                                                                                         (Mackenzie County)
  in Edmonton.
                                           Calgary Cancer Centre                       • École à la Découverte (Edmonton)
Bridgeland Riverside                       Total Capital Plan Funding: $1.4 billion    • École Catholique Louis Riel
                                                                                         (Grande Prairie)
Continuing Care Centre                     • Construction of a new technologically","completedlist/map asof2023; statementincreasesstudentcapacity,no numericalnetseatgain",2022-23,Report-year/asof observation; actual event year not independently verified unless interpretation explicitly says dated.,selected physical project/status,
2021-22,Southwest Calgary ring road completed-status corridor length,31,route km,Budget PDFs/2021-22 Budget.pdf,23,"Bridgeland Riverside                        Alberta Carbon Trunk                         Southwest Calgary Ring Road
Continuing Care Centre                      Line (ACTL)
                                                                                         Total Capital Plan Funding: $2.2 billion
Total Capital Plan Funding:                 Total Capital Plan Funding:                  • This 31-kilometre Ring Road connects
$131 million                                $495 million                                   Highway 8 to Macleod Trail SE and
Expected Completion: Winter 2023            • The ACTL is a 240 km pipeline that           makes up about 20 per cent of the
• The project will provide an additional      transports CO2 from a fertilizer plant       entire Calgary Ring Road.
  198 private room long-term care beds        and an oil sands bitumen refinery
  for Calgary to accommodate                  in Alberta’s Industrial Heartland to
                                                                                         Bragg Creek Flood
  patients with complex health needs.         producing oil fields in Central Alberta.
                                                                                         Mitigation Project",firstreviewedcompletedstatusasof2022; exacteventdateunknown;sourceabout20percentshareconflictslater101kmwhole-ringomitshare,2021-22,Report-year/asof observation; actual event year not independently verified unless interpretation explicitly says dated.,selected physical project/status,
2021-22,Bragg Creek flood mitigation completed status,,project,Budget PDFs/2021-22 Budget.pdf,23,"198 private room long-term care beds        and an oil sands bitumen refinery
  for Calgary to accommodate                  in Alberta’s Industrial Heartland to
                                                                                         Bragg Creek Flood
  patients with complex health needs.         producing oil fields in Central Alberta.
                                                                                         Mitigation Project

University of Calgary                       Quest Project - Scotford                     Total Capital Plan Funding: $9.1 million
MacKimmie Complex                           Upgrader                                     • The project will help protect the
and Professional Faculties                  Total Capital Plan Funding:                    Hamlet of Bragg Creek from a flood
Building Redevelopment                      $745 million                                   event through the construction
                                                                                           of berms and replacement of an
Total Capital Plan Funding:                 • This upgrader project captures and           undersized bridge adjacent to the
$262 million                                  stores carbon dioxide in a deep              Elbow River.
Expected Completion: Fall 2022                geological formation from Shell’s
                                              Scotford oil sands upgrader and
• The MacKimmie Complex project will          expansion near Fort Saskatchewan.          Schools
  renew the building’s vacated space and
  increase student capacity.                                                             The following 15 school projects were",completedmap19/detail23; bermconstruction+undersizedbridgereplacement;no damagereductionorfirstopeningdate,2021-22,Report-year/asof observation; actual event year not independently verified unless interpretation explicitly says dated.,selected physical project/status,
2021-22,Alberta Carbon Trunk Line completed-status physical corridor,240,pipeline km,Budget PDFs/2021-22 Budget.pdf,23,"Bridgeland Riverside                        Alberta Carbon Trunk                         Southwest Calgary Ring Road
Continuing Care Centre                      Line (ACTL)
                                                                                         Total Capital Plan Funding: $2.2 billion
Total Capital Plan Funding:                 Total Capital Plan Funding:                  • This 31-kilometre Ring Road connects
$131 million                                $495 million                                   Highway 8 to Macleod Trail SE and
Expected Completion: Winter 2023            • The ACTL is a 240 km pipeline that           makes up about 20 per cent of the
• The project will provide an additional      transports CO2 from a fertilizer plant       entire Calgary Ring Road.
  198 private room long-term care beds        and an oil sands bitumen refinery
  for Calgary to accommodate                  in Alberta’s Industrial Heartland to
                                                                                         Bragg Creek Flood
  patients with complex health needs.         producing oil fields in Central Alberta.
                                                                                         Mitigation Project

University of Calgary                       Quest Project - Scotford                     Total Capital Plan Funding: $9.1 million
MacKimmie Complex                           Upgrader                                     • The project will help protect the","completedmap/detailasof2022,notverifiedactualfirstcompletionFY;CO2privateindustrialinfrastructurewithpubliccapitalgrantssupport",2021-22,Report-year/asof observation; actual event year not independently verified unless interpretation explicitly says dated.,selected physical project/status,
2016-17,Quest first-full-operation-year evidence,,project operation,Budget PDFs/2016-2017 Budget.pdf,17,"payments will be funded from the Carbon Levy.
MUNICIPAL AFFAIRS                                            ■■   Crude oil marketing costs were down $99 million
Total expense was $2.5 billion, $1 billion higher                 from budget and $19 million from 2015-16 due to
than 2015-16, due to $710 million in Wood Buffalo                 lower volumes from lower oil prices.
wildfire assistance expense and $342 million increased
municipal capital grants. Expense was $669 million           ■■   Carbon capture and storage capital grants were
higher than budget due to the wildfire assistance.                $172 million lower than budget due to Alberta
                                                                  Carbon Trunk Line construction delays. 2016-17
■■   Provided $28 million in Municipal Sustainability             was the Quest project’s first full year of injections.
     Initiative operating grants, $52 million in grants in
     place of municipal property taxes which the Crown       CLIMATE LEADERSHIP PLAN
     is exempt from paying, and $20 million for Alberta      The Climate Leadership Plan (CLP) is a strategy to
     Community Partnership.                                  reduce carbon emissions, support energy exports and
■■   Support to public libraries was $35 million.            diversify Alberta’s economy. Key components include:
                                                             phasing-out coal-fired electricity generation; adding
■■   Spent $142 million in cash on 2013 flood support,
                                                             more renewable energy; capping oil sands emissions;
     which was reported in 2013-14 expense. Estimated",2016-17firstfullinjectionyear precedes2021-22completedstatuslist; demonstratesstatusyearisnotactualstartyear,2016-17,2016-17 explicitlyfirstfullinjectionyear; not exact initialstartdate.,completion-list date counterexample,
2019-20,road rehabilitation length reported,810,reported road km; route/lane basis unspecified,Budget PDFs/2019-20 Budget.pdf,17,"Budget 2019 Select Ongoing and Completed Projects




Year-End Highlights

                9 new                                        810 km
                health facilities in progress                of road rehabilitated

                7 existing                                   135 road and bridge
                health facilities in progress for major      projects completed
                renovations, modernizations, or expansions



                77 school                                    532 housing
                projects underway                            units completed

                19 school                                    2,334 housing
                projects completed                           units under construction

2019-20 Final Results | Year-End Report                                                    17
",yearendreportedmaintenanceoutput;notnewnetwork;unevenlaterkmavailabilitypreventsdecadetime-series,2019-20,AnnualreportedrehabilitationoutputasofMarch2020; notnetworkstock.,maintenance work output,
