source_file,pdf_pages,pdf_title_metadata,pdf_author_metadata,source_form,sha256,coverage_limit
Budget PDFs/2011-2012 Budget.pdf,180,Government of Alberta Annual Report 2011-12 - Complete Volume,,Full annual-report volume,5e6114d1e08e482872cae974e1a9fdddc1b50277d463cc8548f6e6218a1e0317,Page count/form do not establish absence of metrics in other publications; references to schedules outside this file do not make them available here.
Budget PDFs/2012-2013 Budget.pdf,130,Government of Alberta Annual Report 2012-13 - Complete Volume,,Full annual-report volume,5ac7387edaaf82431130b893ab7d24262842bf3849282841e114661553a60833,Page count/form do not establish absence of metrics in other publications; references to schedules outside this file do not make them available here.
Budget PDFs/2013-2014 Annual Report.pdf,148,"Government of Alberta Annual Report 2013-14 - Complete Volume - June 30, 2014",,Full annual-report volume,6debfceda74ae6251359eb05940a95365475998644c62258555ed69c3fe6cb6a,Page count/form do not establish absence of metrics in other publications; references to schedules outside this file do not make them available here.
Budget PDFs/2014-2015 Annual Report.pdf,136,"Government of Alberta Annual Report 2014-15 - Complete Volume - June 30, 2015",,Full annual-report volume,da2bfb045ca435684861f6a8454031ac93673cf5ba5c0d9fdde0509f03934e3d,Page count/form do not establish absence of metrics in other publications; references to schedules outside this file do not make them available here.
Budget PDFs/2015-2016 Annual Report.pdf,128,"Government of Alberta Annual Report 2015-16 - Complete Volume - June 29, 2016",,Full annual-report volume,b897cb6cc181a0c13b9b1f32f0009b21d7bd2d678384ae94bb7077a242f01cfe,Page count/form do not establish absence of metrics in other publications; references to schedules outside this file do not make them available here.
Budget PDFs/2016-2017 Budget.pdf,151,"Government of Alberta Annual Report 2016-17 - June 29, 2017",,Full annual-report volume,e9c8c6b7098a0b4ee0bf3b6d33b96e62a83285e6ea82b32e7fcc9bdf675402fa,Page count/form do not establish absence of metrics in other publications; references to schedules outside this file do not make them available here.
Budget PDFs/2017 Budget.pdf,154,"Government of Alberta Annual Report 2017-18 - June 28, 2018",Government of Alberta,Full annual-report volume,c5cbb7327d8625867422eca99544a7e2d0da421eaedd185952c13abd1fec3f73,Page count/form do not establish absence of metrics in other publications; references to schedules outside this file do not make them available here.
Budget PDFs/2018-19 Budget.pdf,16,"2018-19 Year-end Report - Final Results - June 28, 2019",Government of Alberta,Abbreviated final-results year-end report,9ea540568cfc2e6aa69de763871b38189eb41f04ca1027ee39b5a65b91db8647,Page count/form do not establish absence of metrics in other publications; references to schedules outside this file do not make them available here.
Budget PDFs/2019-20 Budget.pdf,20,"2019-20 Final Results - Year-end Report - August 27, 2020",Government of Alberta,Abbreviated final-results year-end report,918bd585714c42741cb72dbe451af4f64a4295129d2c2f64909831627540cdc5,Page count/form do not establish absence of metrics in other publications; references to schedules outside this file do not make them available here.
Budget PDFs/2020-21 Budget.pdf,24,"2020-21 Final Results - Year-end Report - June 30, 2021",Government of Alberta,Abbreviated final-results year-end report,4195764018ab4bed23f73384d0348827cbb16edf104931411d2d310569fb7c38,Page count/form do not establish absence of metrics in other publications; references to schedules outside this file do not make them available here.
Budget PDFs/2021-22 Budget.pdf,24,2021-22 Final Results - Year-end Report,Government of Alberta,Abbreviated final-results year-end report,b2b5a6210ae86fe271873d146ad72f14ebe435e90606204719e39ab013687498,Page count/form do not establish absence of metrics in other publications; references to schedules outside this file do not make them available here.
Budget PDFs/2022-2023 Budget.pdf,24,2022-2023 Final Results - Year-end Report,Government of Alberta,Abbreviated final-results year-end report,a2ead4cddbe160fdfa2935ab11db33f3c86e49f6e8c356480c65f9e8cb55cbfa,Page count/form do not establish absence of metrics in other publications; references to schedules outside this file do not make them available here.
Budget PDFs/2024-2025 Budget.pdf,24,2024-25 Final Results - Year-end Report,Government of Alberta - Treasury Board and Finance,Abbreviated final-results year-end report,a1a5d7638d96995845885ac43c556249bff2341f0d875d0f38027944df17c87f,Page count/form do not establish absence of metrics in other publications; references to schedules outside this file do not make them available here.
Budget PDFs/tbf-goa-2023-2024 Budget.pdf,24,2023-24 Final Results - Year-end Report - June 2024,Government of Alberta - Treasury Board and Finance,Abbreviated final-results year-end report,b625d7e304ff07cfdbb27e8bd0932fe533c0ea19348f308d4ce3f0401df71296,Page count/form do not establish absence of metrics in other publications; references to schedules outside this file do not make them available here.
