metric,geography,calendar_year,value,unit,source_file,source_pdf_page,source_printed_page,source_quote,source_vintage,status,caveat
violent_crime,Alberta,2019,1462,"police-reported incidents per 100,000 residents",Quality of Life Analysis/research/source_verification/downloads/pses-annual-report-2024-2025.pdf,28,26,"Alberta Violent Crime Rate                 1,462        1,455         1,519         1,561         1,591",2024-25 annual report; data available July 2024,reported actual; historical results revised,Calendar-year data end in 2023; police reporting is not all victimization; rural/urban rates have separate denominators.
violent_crime,Alberta,2020,1455,"police-reported incidents per 100,000 residents",Quality of Life Analysis/research/source_verification/downloads/pses-annual-report-2024-2025.pdf,28,26,"Alberta Violent Crime Rate                 1,462        1,455         1,519         1,561         1,591",2024-25 annual report; data available July 2024,reported actual; historical results revised,Calendar-year data end in 2023; police reporting is not all victimization; rural/urban rates have separate denominators.
violent_crime,Alberta,2021,1519,"police-reported incidents per 100,000 residents",Quality of Life Analysis/research/source_verification/downloads/pses-annual-report-2024-2025.pdf,28,26,"Alberta Violent Crime Rate                 1,462        1,455         1,519         1,561         1,591",2024-25 annual report; data available July 2024,reported actual; historical results revised,Calendar-year data end in 2023; police reporting is not all victimization; rural/urban rates have separate denominators.
violent_crime,Alberta,2022,1561,"police-reported incidents per 100,000 residents",Quality of Life Analysis/research/source_verification/downloads/pses-annual-report-2024-2025.pdf,28,26,"Alberta Violent Crime Rate                 1,462        1,455         1,519         1,561         1,591",2024-25 annual report; data available July 2024,reported actual; historical results revised,Calendar-year data end in 2023; police reporting is not all victimization; rural/urban rates have separate denominators.
violent_crime,Alberta,2023,1591,"police-reported incidents per 100,000 residents",Quality of Life Analysis/research/source_verification/downloads/pses-annual-report-2024-2025.pdf,28,26,"Alberta Violent Crime Rate                 1,462        1,455         1,519         1,561         1,591",2024-25 annual report; data available July 2024,reported actual; historical results revised,Calendar-year data end in 2023; police reporting is not all victimization; rural/urban rates have separate denominators.
violent_crime,Rural Alberta,2019,2243,"police-reported incidents per 100,000 residents",Quality of Life Analysis/research/source_verification/downloads/pses-annual-report-2024-2025.pdf,28,26,"Rural                                      2,243        2,410         2,470         2,539         2,551",2024-25 annual report; data available July 2024,reported actual; historical results revised,Calendar-year data end in 2023; police reporting is not all victimization; rural/urban rates have separate denominators.
violent_crime,Rural Alberta,2020,2410,"police-reported incidents per 100,000 residents",Quality of Life Analysis/research/source_verification/downloads/pses-annual-report-2024-2025.pdf,28,26,"Rural                                      2,243        2,410         2,470         2,539         2,551",2024-25 annual report; data available July 2024,reported actual; historical results revised,Calendar-year data end in 2023; police reporting is not all victimization; rural/urban rates have separate denominators.
violent_crime,Rural Alberta,2021,2470,"police-reported incidents per 100,000 residents",Quality of Life Analysis/research/source_verification/downloads/pses-annual-report-2024-2025.pdf,28,26,"Rural                                      2,243        2,410         2,470         2,539         2,551",2024-25 annual report; data available July 2024,reported actual; historical results revised,Calendar-year data end in 2023; police reporting is not all victimization; rural/urban rates have separate denominators.
violent_crime,Rural Alberta,2022,2539,"police-reported incidents per 100,000 residents",Quality of Life Analysis/research/source_verification/downloads/pses-annual-report-2024-2025.pdf,28,26,"Rural                                      2,243        2,410         2,470         2,539         2,551",2024-25 annual report; data available July 2024,reported actual; historical results revised,Calendar-year data end in 2023; police reporting is not all victimization; rural/urban rates have separate denominators.
violent_crime,Rural Alberta,2023,2551,"police-reported incidents per 100,000 residents",Quality of Life Analysis/research/source_verification/downloads/pses-annual-report-2024-2025.pdf,28,26,"Rural                                      2,243        2,410         2,470         2,539         2,551",2024-25 annual report; data available July 2024,reported actual; historical results revised,Calendar-year data end in 2023; police reporting is not all victimization; rural/urban rates have separate denominators.
violent_crime,Urban Alberta,2019,1291,"police-reported incidents per 100,000 residents",Quality of Life Analysis/research/source_verification/downloads/pses-annual-report-2024-2025.pdf,28,26,"Urban                                      1,291        1,246         1,312         1,352         1,392",2024-25 annual report; data available July 2024,reported actual; historical results revised,Calendar-year data end in 2023; police reporting is not all victimization; rural/urban rates have separate denominators.
violent_crime,Urban Alberta,2020,1246,"police-reported incidents per 100,000 residents",Quality of Life Analysis/research/source_verification/downloads/pses-annual-report-2024-2025.pdf,28,26,"Urban                                      1,291        1,246         1,312         1,352         1,392",2024-25 annual report; data available July 2024,reported actual; historical results revised,Calendar-year data end in 2023; police reporting is not all victimization; rural/urban rates have separate denominators.
violent_crime,Urban Alberta,2021,1312,"police-reported incidents per 100,000 residents",Quality of Life Analysis/research/source_verification/downloads/pses-annual-report-2024-2025.pdf,28,26,"Urban                                      1,291        1,246         1,312         1,352         1,392",2024-25 annual report; data available July 2024,reported actual; historical results revised,Calendar-year data end in 2023; police reporting is not all victimization; rural/urban rates have separate denominators.
violent_crime,Urban Alberta,2022,1352,"police-reported incidents per 100,000 residents",Quality of Life Analysis/research/source_verification/downloads/pses-annual-report-2024-2025.pdf,28,26,"Urban                                      1,291        1,246         1,312         1,352         1,392",2024-25 annual report; data available July 2024,reported actual; historical results revised,Calendar-year data end in 2023; police reporting is not all victimization; rural/urban rates have separate denominators.
violent_crime,Urban Alberta,2023,1392,"police-reported incidents per 100,000 residents",Quality of Life Analysis/research/source_verification/downloads/pses-annual-report-2024-2025.pdf,28,26,"Urban                                      1,291        1,246         1,312         1,352         1,392",2024-25 annual report; data available July 2024,reported actual; historical results revised,Calendar-year data end in 2023; police reporting is not all victimization; rural/urban rates have separate denominators.
property_crime,Alberta,2019,5894,"police-reported incidents per 100,000 residents",Quality of Life Analysis/research/source_verification/downloads/pses-annual-report-2024-2025.pdf,28,26,"Alberta Property Crime Rate                5,894        5,070         4,599         5,061         4,752",2024-25 annual report; data available July 2024,reported actual; historical results revised,Calendar-year data end in 2023; police reporting is not all victimization; rural/urban rates have separate denominators.
property_crime,Alberta,2020,5070,"police-reported incidents per 100,000 residents",Quality of Life Analysis/research/source_verification/downloads/pses-annual-report-2024-2025.pdf,28,26,"Alberta Property Crime Rate                5,894        5,070         4,599         5,061         4,752",2024-25 annual report; data available July 2024,reported actual; historical results revised,Calendar-year data end in 2023; police reporting is not all victimization; rural/urban rates have separate denominators.
property_crime,Alberta,2021,4599,"police-reported incidents per 100,000 residents",Quality of Life Analysis/research/source_verification/downloads/pses-annual-report-2024-2025.pdf,28,26,"Alberta Property Crime Rate                5,894        5,070         4,599         5,061         4,752",2024-25 annual report; data available July 2024,reported actual; historical results revised,Calendar-year data end in 2023; police reporting is not all victimization; rural/urban rates have separate denominators.
property_crime,Alberta,2022,5061,"police-reported incidents per 100,000 residents",Quality of Life Analysis/research/source_verification/downloads/pses-annual-report-2024-2025.pdf,28,26,"Alberta Property Crime Rate                5,894        5,070         4,599         5,061         4,752",2024-25 annual report; data available July 2024,reported actual; historical results revised,Calendar-year data end in 2023; police reporting is not all victimization; rural/urban rates have separate denominators.
property_crime,Alberta,2023,4752,"police-reported incidents per 100,000 residents",Quality of Life Analysis/research/source_verification/downloads/pses-annual-report-2024-2025.pdf,28,26,"Alberta Property Crime Rate                5,894        5,070         4,599         5,061         4,752",2024-25 annual report; data available July 2024,reported actual; historical results revised,Calendar-year data end in 2023; police reporting is not all victimization; rural/urban rates have separate denominators.
property_crime,Rural Alberta,2019,7441,"police-reported incidents per 100,000 residents",Quality of Life Analysis/research/source_verification/downloads/pses-annual-report-2024-2025.pdf,28,26,"Rural                                      7,441        6,843         6,416         6,786         6,673",2024-25 annual report; data available July 2024,reported actual; historical results revised,Calendar-year data end in 2023; police reporting is not all victimization; rural/urban rates have separate denominators.
property_crime,Rural Alberta,2020,6843,"police-reported incidents per 100,000 residents",Quality of Life Analysis/research/source_verification/downloads/pses-annual-report-2024-2025.pdf,28,26,"Rural                                      7,441        6,843         6,416         6,786         6,673",2024-25 annual report; data available July 2024,reported actual; historical results revised,Calendar-year data end in 2023; police reporting is not all victimization; rural/urban rates have separate denominators.
property_crime,Rural Alberta,2021,6416,"police-reported incidents per 100,000 residents",Quality of Life Analysis/research/source_verification/downloads/pses-annual-report-2024-2025.pdf,28,26,"Rural                                      7,441        6,843         6,416         6,786         6,673",2024-25 annual report; data available July 2024,reported actual; historical results revised,Calendar-year data end in 2023; police reporting is not all victimization; rural/urban rates have separate denominators.
property_crime,Rural Alberta,2022,6786,"police-reported incidents per 100,000 residents",Quality of Life Analysis/research/source_verification/downloads/pses-annual-report-2024-2025.pdf,28,26,"Rural                                      7,441        6,843         6,416         6,786         6,673",2024-25 annual report; data available July 2024,reported actual; historical results revised,Calendar-year data end in 2023; police reporting is not all victimization; rural/urban rates have separate denominators.
property_crime,Rural Alberta,2023,6673,"police-reported incidents per 100,000 residents",Quality of Life Analysis/research/source_verification/downloads/pses-annual-report-2024-2025.pdf,28,26,"Rural                                      7,441        6,843         6,416         6,786         6,673",2024-25 annual report; data available July 2024,reported actual; historical results revised,Calendar-year data end in 2023; police reporting is not all victimization; rural/urban rates have separate denominators.
property_crime,Urban Alberta,2019,5545,"police-reported incidents per 100,000 residents",Quality of Life Analysis/research/source_verification/downloads/pses-annual-report-2024-2025.pdf,28,26,"Urban                                      5,545        4,674         4,197         4,685         4,349",2024-25 annual report; data available July 2024,reported actual; historical results revised,Calendar-year data end in 2023; police reporting is not all victimization; rural/urban rates have separate denominators.
property_crime,Urban Alberta,2020,4674,"police-reported incidents per 100,000 residents",Quality of Life Analysis/research/source_verification/downloads/pses-annual-report-2024-2025.pdf,28,26,"Urban                                      5,545        4,674         4,197         4,685         4,349",2024-25 annual report; data available July 2024,reported actual; historical results revised,Calendar-year data end in 2023; police reporting is not all victimization; rural/urban rates have separate denominators.
property_crime,Urban Alberta,2021,4197,"police-reported incidents per 100,000 residents",Quality of Life Analysis/research/source_verification/downloads/pses-annual-report-2024-2025.pdf,28,26,"Urban                                      5,545        4,674         4,197         4,685         4,349",2024-25 annual report; data available July 2024,reported actual; historical results revised,Calendar-year data end in 2023; police reporting is not all victimization; rural/urban rates have separate denominators.
property_crime,Urban Alberta,2022,4685,"police-reported incidents per 100,000 residents",Quality of Life Analysis/research/source_verification/downloads/pses-annual-report-2024-2025.pdf,28,26,"Urban                                      5,545        4,674         4,197         4,685         4,349",2024-25 annual report; data available July 2024,reported actual; historical results revised,Calendar-year data end in 2023; police reporting is not all victimization; rural/urban rates have separate denominators.
property_crime,Urban Alberta,2023,4349,"police-reported incidents per 100,000 residents",Quality of Life Analysis/research/source_verification/downloads/pses-annual-report-2024-2025.pdf,28,26,"Urban                                      5,545        4,674         4,197         4,685         4,349",2024-25 annual report; data available July 2024,reported actual; historical results revised,Calendar-year data end in 2023; police reporting is not all victimization; rural/urban rates have separate denominators.
