metric,value,unit,period,source_report,physical_pdf_page,definition,limitation,source_quote
Surgeries completed,318601,procedures,2024-25,hlth-annual-report-2024-2025,25,Annual main OR procedure count; target310000.,Not unique patients or need-adjusted capacity.,"agreements have been initiated for the 2024-25 financial year. CSFs remain an extension of hospital
capacity and are used in many other Canadian health systems. Under the Health Facilities Act, CSFs
providing publicly funded insured services must be accredited by the College of Physicians and
Surgeons of Alberta (CPSA) and have a signed service contract with AHS.

Through these dedicated efforts, as of March 31, 2025, approximately 318,601 surgeries had been
completed, surpassing the 2024-25 fiscal year target of 310,000. This represents an increase of
14,006 surgeries, or 4.6 per cent, compared with the 304,595 completed in 2023-24.

As of March 31, 2025, 74,928 cases were waiting for surgery. Of these cases, 57.8 per cent were
waiting within clinically recommended timelines. Efforts remain underway to reduce wait times
further and ensure equitable access across the province.

For the fiscal year 2024-25, 52,810 cases have been completed in rural acute care facilities. This
represents an increase in rural hospitals of 5.4 per cent in volumes completed in 2024-25
compared with fiscal year 2023-24, when 50,090 surgeries were completed.

Further, approximately 23,015 cancer surgeries were completed in 2024-25, a 9.4 per cent increase"
Surgeries completed,304595,procedures,2023-24 as reported2024-25,hlth-annual-report-2024-2025,25,Same latest report comparator.,"Population adjustment is a throughput proxy,not adequacy.","providing publicly funded insured services must be accredited by the College of Physicians and
Surgeons of Alberta (CPSA) and have a signed service contract with AHS.

Through these dedicated efforts, as of March 31, 2025, approximately 318,601 surgeries had been
completed, surpassing the 2024-25 fiscal year target of 310,000. This represents an increase of
14,006 surgeries, or 4.6 per cent, compared with the 304,595 completed in 2023-24.

As of March 31, 2025, 74,928 cases were waiting for surgery. Of these cases, 57.8 per cent were
waiting within clinically recommended timelines. Efforts remain underway to reduce wait times
further and ensure equitable access across the province.

For the fiscal year 2024-25, 52,810 cases have been completed in rural acute care facilities. This
represents an increase in rural hospitals of 5.4 per cent in volumes completed in 2024-25
compared with fiscal year 2023-24, when 50,090 surgeries were completed.

Further, approximately 23,015 cancer surgeries were completed in 2024-25, a 9.4 per cent increase
compared with the same period in 2023-24. Nearly 55 per cent of cancer surgeries were completed
within clinically recommended wait times, helping to ensure patients receive timely access to"
Cases awaiting surgery,74928,cases,2025-03-31,hlth-annual-report-2024-2025,25,Surgical waiting-list snapshot.,Cases may not be unique people; not completed-case benchmark denominator.,"Through these dedicated efforts, as of March 31, 2025, approximately 318,601 surgeries had been
completed, surpassing the 2024-25 fiscal year target of 310,000. This represents an increase of
14,006 surgeries, or 4.6 per cent, compared with the 304,595 completed in 2023-24.

As of March 31, 2025, 74,928 cases were waiting for surgery. Of these cases, 57.8 per cent were
waiting within clinically recommended timelines. Efforts remain underway to reduce wait times
further and ensure equitable access across the province.

For the fiscal year 2024-25, 52,810 cases have been completed in rural acute care facilities. This
represents an increase in rural hospitals of 5.4 per cent in volumes completed in 2024-25
compared with fiscal year 2023-24, when 50,090 surgeries were completed.

Further, approximately 23,015 cancer surgeries were completed in 2024-25, a 9.4 per cent increase
compared with the same period in 2023-24. Nearly 55 per cent of cancer surgeries were completed
within clinically recommended wait times, helping to ensure patients receive timely access to
potentially life-saving procedures."
Waiting cases within clinically recommended timelines,57.8,percent,2025-03-31,hlth-annual-report-2024-2025,25,Share of cases currently waiting within clinical timeliness thresholds.,Separate denominator from completed hip/knee/cataract cases; thresholds not single182day rule.,"Through these dedicated efforts, as of March 31, 2025, approximately 318,601 surgeries had been
completed, surpassing the 2024-25 fiscal year target of 310,000. This represents an increase of
14,006 surgeries, or 4.6 per cent, compared with the 304,595 completed in 2023-24.

As of March 31, 2025, 74,928 cases were waiting for surgery. Of these cases, 57.8 per cent were
waiting within clinically recommended timelines. Efforts remain underway to reduce wait times
further and ensure equitable access across the province.

For the fiscal year 2024-25, 52,810 cases have been completed in rural acute care facilities. This
represents an increase in rural hospitals of 5.4 per cent in volumes completed in 2024-25
compared with fiscal year 2023-24, when 50,090 surgeries were completed.

Further, approximately 23,015 cancer surgeries were completed in 2024-25, a 9.4 per cent increase
compared with the same period in 2023-24. Nearly 55 per cent of cancer surgeries were completed
within clinically recommended wait times, helping to ensure patients receive timely access to
potentially life-saving procedures."
Lab-experience satisfaction,92,percent of surveyed respondents,recent survey referenced2024-25; date unspecified,hlth-annual-report-2024-2025,30,Narrow lab service experience survey.,No sample/method/date supplied; incomparable provincewide health satisfaction.,"•       In-person waits dropped by 36 per cent (35.2 to 22.6 minutes)
     •       Next available appointment wait times decreased by 54 per cent (from 9.3 to 4.4 days)
     •       Patient visits increased by 11 per cent (from 3.94M to 4.38M)
Following the transition of services from DynaLIFE to Alberta Precision Laboratories (APL) in
2023-24, wait times have consistently met or exceeded targets. APL continues to increase staffing
and appointment capacity, and 92 per cent of respondents to a recent patient survey reported
satisfaction with their lab experience.

In 2024, Alberta signed a three-year, approximately $54-million bilateral agreement with the
federal government under the National Strategy for Drugs for Rare Diseases. This will provide
earlier access to emerging rare disease drugs, as well as improve diagnostics and screening. Of the
total, up to $5.4 million annually is allocated to improving rare disease screening and testing.




28                                                                                       Health | Annual Report 2024–2025"
CT median wait comparator,28,days,comparison dates unspecified in2024-25 narrative,hlth-annual-report-2024-2025,30,Contextual before/after levels reported in annual narrative.,Not assigned to precise fiscal years; not equivalent percentage-within-target metric.,"To improve access to diagnostic imaging, the Government of Alberta allocated $15 million in 2024-
25 to community diagnostic imaging providers. With this investment, AHS expects to perform
41,000 additional CT scans and 12,000 additional MRI scans. As a result:

     •       Median CT wait time dropped from 28 to 21 days
     •       Median MRI wait time dropped from 57 to 53 days
     •       AHS delivered approximately 540,000 CT and 230,000 MRI scans in 2024-25
Wait times for community lab services were improved in the following ways:

     •       In-person waits dropped by 36 per cent (35.2 to 22.6 minutes)
     •       Next available appointment wait times decreased by 54 per cent (from 9.3 to 4.4 days)
     •       Patient visits increased by 11 per cent (from 3.94M to 4.38M)
Following the transition of services from DynaLIFE to Alberta Precision Laboratories (APL) in
2023-24, wait times have consistently met or exceeded targets. APL continues to increase staffing
and appointment capacity, and 92 per cent of respondents to a recent patient survey reported
satisfaction with their lab experience."
CT median wait improved,21,days,comparison dates unspecified in2024-25 narrative,hlth-annual-report-2024-2025,30,Contextual before/after levels reported in annual narrative.,Not assigned to precise fiscal years; not equivalent percentage-within-target metric.,"To improve access to diagnostic imaging, the Government of Alberta allocated $15 million in 2024-
25 to community diagnostic imaging providers. With this investment, AHS expects to perform
41,000 additional CT scans and 12,000 additional MRI scans. As a result:

     •       Median CT wait time dropped from 28 to 21 days
     •       Median MRI wait time dropped from 57 to 53 days
     •       AHS delivered approximately 540,000 CT and 230,000 MRI scans in 2024-25
Wait times for community lab services were improved in the following ways:

     •       In-person waits dropped by 36 per cent (35.2 to 22.6 minutes)
     •       Next available appointment wait times decreased by 54 per cent (from 9.3 to 4.4 days)
     •       Patient visits increased by 11 per cent (from 3.94M to 4.38M)
Following the transition of services from DynaLIFE to Alberta Precision Laboratories (APL) in
2023-24, wait times have consistently met or exceeded targets. APL continues to increase staffing
and appointment capacity, and 92 per cent of respondents to a recent patient survey reported
satisfaction with their lab experience."
MRI median wait comparator,57,days,comparison dates unspecified in2024-25 narrative,hlth-annual-report-2024-2025,30,Contextual before/after levels reported in annual narrative.,Not assigned to precise fiscal years; not equivalent percentage-within-target metric.,"To improve access to diagnostic imaging, the Government of Alberta allocated $15 million in 2024-
25 to community diagnostic imaging providers. With this investment, AHS expects to perform
41,000 additional CT scans and 12,000 additional MRI scans. As a result:

     •       Median CT wait time dropped from 28 to 21 days
     •       Median MRI wait time dropped from 57 to 53 days
     •       AHS delivered approximately 540,000 CT and 230,000 MRI scans in 2024-25
Wait times for community lab services were improved in the following ways:

     •       In-person waits dropped by 36 per cent (35.2 to 22.6 minutes)
     •       Next available appointment wait times decreased by 54 per cent (from 9.3 to 4.4 days)
     •       Patient visits increased by 11 per cent (from 3.94M to 4.38M)
Following the transition of services from DynaLIFE to Alberta Precision Laboratories (APL) in
2023-24, wait times have consistently met or exceeded targets. APL continues to increase staffing
and appointment capacity, and 92 per cent of respondents to a recent patient survey reported
satisfaction with their lab experience.

In 2024, Alberta signed a three-year, approximately $54-million bilateral agreement with the"
MRI median wait improved,53,days,comparison dates unspecified in2024-25 narrative,hlth-annual-report-2024-2025,30,Contextual before/after levels reported in annual narrative.,Not assigned to precise fiscal years; not equivalent percentage-within-target metric.,"To improve access to diagnostic imaging, the Government of Alberta allocated $15 million in 2024-
25 to community diagnostic imaging providers. With this investment, AHS expects to perform
41,000 additional CT scans and 12,000 additional MRI scans. As a result:

     •       Median CT wait time dropped from 28 to 21 days
     •       Median MRI wait time dropped from 57 to 53 days
     •       AHS delivered approximately 540,000 CT and 230,000 MRI scans in 2024-25
Wait times for community lab services were improved in the following ways:

     •       In-person waits dropped by 36 per cent (35.2 to 22.6 minutes)
     •       Next available appointment wait times decreased by 54 per cent (from 9.3 to 4.4 days)
     •       Patient visits increased by 11 per cent (from 3.94M to 4.38M)
Following the transition of services from DynaLIFE to Alberta Precision Laboratories (APL) in
2023-24, wait times have consistently met or exceeded targets. APL continues to increase staffing
and appointment capacity, and 92 per cent of respondents to a recent patient survey reported
satisfaction with their lab experience.

In 2024, Alberta signed a three-year, approximately $54-million bilateral agreement with the"
Arthur Child Cancer Centre fully operational,,facility opening,2024-10-28,hlth-annual-report-2024-2025,25,"Verified operational date, not construction completion.",160 inpatientbeds/90chemospaces gross facility capacity; predecessor/net staffed capacity unquantified.,"Further, approximately 23,015 cancer surgeries were completed in 2024-25, a 9.4 per cent increase
compared with the same period in 2023-24. Nearly 55 per cent of cancer surgeries were completed
within clinically recommended wait times, helping to ensure patients receive timely access to
potentially life-saving procedures.

The Arthur J.E. Child Comprehensive Cancer Centre became fully operational on October 28, 2024.
The centre provides additional capacity for timely access to cancer diagnostics and treatment,
supporting optimal health outcomes for cancer patients. This new cancer centre in Calgary engages
patients at the centre of a multidisciplinary health system and offers a world-class environment for


Health | Annual Report 2024–2025                                                                                        23"
Rocky Mountain House additional operating room,1,new operating room,operational2024-04,hlth-annual-report-2024-2025,23,Second room became operational; project explicitly added one new room.,Local addition; provincial total OR count and monthly actual outputs unknown.,"As part of ASI, the second operating room at the Rocky Mountain House Health Centre became
operational in April 2024. This project supports the government’s commitment to improve access
to timely surgical care for Albertans, particularly in rural communities.

The expansion project added 4,736 square feet of new space, including:

    •        A new operating room
    •        Six additional recovery beds
    •        A patient support area
    •        An upgraded medical device reprocessing department

This investment enables the facility to provide approximately 120 surgeries per month,
significantly enhancing rural surgical capacity and reducing the need for patients to travel long
distances for care."
Rocky Mountain House additional recovery beds,6,recovery beds,project operational2024-04,hlth-annual-report-2024-2025,23,Explicit additional recovery beds with surgery expansion.,Not acute inpatient or continuing-care beds.,"to timely surgical care for Albertans, particularly in rural communities.

The expansion project added 4,736 square feet of new space, including:

    •        A new operating room
    •        Six additional recovery beds
    •        A patient support area
    •        An upgraded medical device reprocessing department

This investment enables the facility to provide approximately 120 surgeries per month,
significantly enhancing rural surgical capacity and reducing the need for patients to travel long
distances for care.

ED Wait Times, EHS Performance, and Workforce Initiatives

The Government of Alberta implemented several initiatives in 2024-25 to reduce ED wait times by
increasing front-line staff capacity and improving patient flow. As of March 2025, there were 3,888
AHS nurses (including registered nurses, licensed practical nurses, and health care aides) working"
Misericordia ED operational opening,,facility opening,2023-11-21,health-2023-2024,26,Actual ED opening with documented predecessor/new capacity.,Local capacity expansion does not prove provincial waiting-time causation.,"physician assessment in the 16                                                                              2022-23
  largest sites (hours)
* The methodology was revised to exclude data for patients that ‘Left Without Being Seen’ and results were updated from 4.6 to 4.5 hours
  in 2021-22 and 6.3 to 6.2 hours in 2022-23.

On November 21, 2023, a new ED opened at the Misericordia Community Hospital in Edmonton.
The new ED includes 5,500 square meters of spaces (an increase from 1,700 square meters), six
ambulance bays (increased from four), 64 treatment rooms (an increase from 26 rooms), two
radiology rooms, five isolation rooms (an increase from one), 18 acute care spaces (increased from
12) and a decontamination suite. The new ED is three times larger than the old one and has the



24                                                                                                 Health | Annual Report 2023–2024"
