fiscal_year_end,sector,metric,value,unit,status,repository_pdf,pdf_page,excerpt,caveat
2016,roads,road rehabilitation,860,km,reported actual/completed,Budget PDFs/2015-2016 Annual Report.pdf,19,"240 kilometers twinned.                                ■■   $191 million for 2013 flood recovery and
     ♦♦ $309 million for interchanges and other projects,        mitigation.
     $278 million for rehabilitation of 860 kilometers      ■■   $159 million in carbon capture and storage grants,
     of roads, and $29 million for bridge projects.              $130 million lower than budget but $106 million
■■   $1.4 billion in municipal support:                          higher than 2014-15. The variances are due to
                                                                 construction progress. Total support so far has
     ♦♦ $499 million Municipal Sustainability Initiative
                                                                 been $462 million.",completed work; not net network addition
2017,roads,road rehabilitation,1240,km,reported actual/completed,Budget PDFs/2016-2017 Budget.pdf,21,"♦♦ $240 million for interchanges and other projects,
                                                            ■■   $28 million in carbon capture and storage grants,
     $382 million for rehabilitation of 1,240 kilometers         $172 million lower than budget and $131million
     of roads, and $50 million for bridge projects.              lower than 2015-16, due to construction progress.
■■   $1.7 billion in municipal support:                          Total support so far has been $490 million.
     ♦♦ $848 million Municipal Sustainability
                                                            ■■   $141 million for seniors and family housing
     Initiative grants and $74 million in federal Small          preservation and renewal.",completed work; not net network addition
2017,roads,Anthony Henday completed,,project,reported actual/completed,Budget PDFs/2016-2017 Budget.pdf,21,"♦♦ $188 million for Edmonton’s Anthony Henday               Prairie, Medicine Hat, Fort McMurray, Edson,
     Drive, completed in October 2016.                           Lloydminster, Edmonton and Calgary.
                                                                 ♦♦ Work continues on the Calgary Cancer
     ♦♦ $103 million for Calgary’s ring road, which is
     about 80% complete. A contract was signed to                Centre, and planning for the Edmonton Clinical
     commence building the final, southwest portion.             Laboratory.
                                                                 ♦♦ $59 million for continuing care, part of the goal",prior-government completion; earlier initiation
2017,roads,Highway63 twinning,240,km,reported actual/completed,Budget PDFs/2016-2017 Budget.pdf,21,"commence building the final, southwest portion.             Laboratory.
                                                                 ♦♦ $59 million for continuing care, part of the goal
     ♦♦ $17 million to complete twinning the 240
     kilometers of Highway 63 between Grassland and              to add 2000 long term care and dementia beds.
     Fort McMurray in May 2016.                             ■■   $179 million for 2013 flood recovery projects.
     ♦♦ $240 million for interchanges and other projects,
                                                            ■■   $28 million in carbon capture and storage grants,
     $382 million for rehabilitation of 1,240 kilometers         $172 million lower than budget and $131million","corridor total, not annual km addition"
2017,schools,cumulative pipeline finished,116,projects,reported actual/completed,Budget PDFs/2016-2017 Budget.pdf,21,"$43 million for modular classrooms to accelerate            donations, and $73 million from donations, the
     meeting demand for educational spaces. Of the               Lottery Fund and other sources.
     234 projects announced, 116 have been finished         ■■   $56 million of retained income of entities like
     and 66 are expected to be built by the end of 2017.         Alberta Social Housing Corporation, regulatory
■■   $727 million for post-secondary facilities and              and other agencies funded their capital spending.
     equipment. This includes funding of $344 million       ■■   The Climate Leadership Plan funded $7 million.
     for expansion and upgrading and $101 million           ■■   Capital assets of departments with a net book value
     for maintenance and renewal, and $282 million               of $10 million on the balance sheet were disposed","cumulative, mixed projects, not annual"
2018,schools,cumulative pipeline finished,177,projects,reported actual/completed,Budget PDFs/2017 Budget.pdf,23,"meeting demand for educational spaces. Of the
                                                                 (ASHC), regulatory and other agencies fund their
     259 projects announced, 177 have been finished
                                                                 capital spending from their retained income. In
     and 35 are expected to be built by the end of 2018.
                                                                 2017-18, they contributed a negative $53 million,
■■   $924 million for post-secondary projects,                   since ASHC received cash from the general
     including funding of $365 million for expansion             revenue fund that exceeded their spending.","cumulative, mixed projects, not annual"
2019,schools,cumulative pipeline finished,207,projects,reported actual/completed,Budget PDFs/2018-19 Budget.pdf,10,"educational spaces. Of the 278            ■■   $114 million for seniors and family           provided $825 million.
     projects approved since 2011, 207              housing preservation, renewal and
     have been finished, 34 are under
                                                                                             ■■   $55 million was available in the
                                                    renovations.
     construction and 37 are in planning,                                                         Capital Plan financing account from
                                               ■■   Lottery funding of $37 million was            prior-year borrowing, which was
     design or being tendered.",cumulative since2011; denominator278
2020,schools,reported completed projects,19,projects,reported actual/completed,Budget PDFs/2019-20 Budget.pdf,19,"• A major upgrade to the province’s         at Highway 2, Gaetz Avenue and           Schools
  motor vehicle system, MOVES,              Taylor Drive.
  is underway. MOVES is a critical                                                   The following 19 school projects were
  system used by Service Alberta and                                                 completed in 2019-20 with total
                                          Highway 43X - Grande
  Alberta Transportation that also                                                   provincial support of $406.8 million:
                                          Prairie Bypass
  interfaces to systems used in many                                                 • Alberta School for the Deaf",includes design only; not19 schools
2021,schools,reported completed projects,20,projects,reported actual/completed,Budget PDFs/2020-21 Budget.pdf,23,"Bridgeland Riverside                                                                      Schools
Continuing Care Centre                     Total Provincial Support: $23 million
                                           • A major upgrade to the province’s            The following 20 school projects were
Total Provincial Support: $131 million       motor vehicle system, MOVES, is              completed in 2020-21 with total
Expected Completion: Fall 2023               complete. MOVES is a critical                provincial support of $376 million:
• This project calls for the development     system used by Service Alberta and           • Camila School replacement
  of a new, complex long-term care           Alberta Transportation that also             • D.A Ferguson/W.R. Myers School
  centre, providing an additional 200        interfaces to systems used in many             modernization",includes planning/design only; not20 schools
2022,schools,reported completed projects,15,projects,reported actual/completed,Budget PDFs/2021-22 Budget.pdf,23,"• The MacKimmie Complex project will          expansion near Fort Saskatchewan.          Schools
  renew the building’s vacated space and
  increase student capacity.                                                             The following 15 school projects were
                                            Seniors Affordable Housing and               completed in 2021-22 with total capital
Completed Projects                          Lodge, Red Deer (Piper Creek)                plan funding of $347 million:
*Projects are defined as completed when                                                  • Aleda Patterson School, Alex Janvier
                                            Total Capital Plan Funding: $28 million
they are operational, however, they may                                                    School (Edmonton)",includes planning only; not15 schools
2023,schools,reported completed projects,16,projects,reported actual/completed,Budget PDFs/2022-2023 Budget.pdf,23,"University of Calgary                       Schools
Provincial Pharmacy
                                           MacKimmie Complex                           The following 16 school projects were
Central Drug Production                                                                completed in 2022-23 with total capital
                                           and Professional Faculties
and Distribution Centre                                                                plan funding of over $370 million:
                                           Building Redevelopment
Committed as of Budget 2022:                                                           • Bayside School (Calgary)","mixed new,replacement,modernization"
2024,schools,reported completed projects,14,projects,reported actual/completed,Budget PDFs/tbf-goa-2023-2024 Budget.pdf,23,"Expected Completion: 2024
                                             roads along the corridor.
• This project improves the                                                               The following 14 school projects were
  infrastructure and safety for staging                                                   completed in 2023-24 with total capital
                                           Red Deer Justice Centre
  areas and recreational services across                                                  plan funding of over $450 million:
  12 sites along the David                 Total Capital Plan Funding:
                                                                                          • Condor: Charlotte Small Elementary","mixed new,replacement,modernization"
2025,schools,reported completed projects,12,projects,reported actual/completed,Budget PDFs/2024-2025 Budget.pdf,23,"facility with labs, adding                                                             School Projects
                                             Total Capital Plan Funding: $15 million
  approximately 60 new seats.                                                            The following 12 school projects were
                                             • Construction is complete for the          completed in 2024-25 with total capital
Specialized Housing, Cold Lake                 expansion of two operating rooms and      plan spending of over $489 million:
                                               more surgical inpatient rooms at the
- Stepping Stones Building                                                               • Coaldale Prairie Winds Secondary
                                               Chinook Regional Hospital.","mixed new,replacement,modernization"
2022,schools,new student spaces lower bound,5000,spaces,reported actual/completed,Budget PDFs/2021-22 Budget.pdf,20,"2 health facility projects and 4 health
                  facilities capital programs.
                                                                                       5,000+ new and 5,900+
                  900+ existing owned or                                               modernized
                                                                                       student spaces
                  leased buildings
                  including health facilities, continuing care,                        2,000+ existing
                  community care facilities where health                               school buildings",gross new; modernization5900 separately
2025,schools,new plus modernized spaces lower bound,11000,spaces,reported actual/completed,Budget PDFs/2024-2025 Budget.pdf,20,"in progress

                                                                                      11,000+ new and modernized
                 4 courthouse projects
                 in progress                                                          spaces
                                                                                      from school projects completed
                 77 owned or leased
                                                                                      60,000+ new and modernized",NOT net new; cannotcompare to2022 new only
2021,roads,road rehabilitation,830,km,reported actual/completed,Budget PDFs/2020-21 Budget.pdf,21,"830 km
                  of road rehabilitated
                                                                                       2 courthouse renovations
                  111 road and bridge                                                  completed
                  projects completed
                                                                                       5 courthouse projects
                  64,000 km existing                                                   currently underway",annual work; not net network addition
2023,roads,highway lanes,64000,lane km,reported actual/completed,Budget PDFs/2022-2023 Budget.pdf,20,"1 courthouse renovation
                                                                                       completed
                  64,000 km existing
                  highway lanes
                                                                                       6 courthouse projects
                                                                                       currently underway
                  ~4,600 existing
                  bridge structures",rounded stock
2024,roads,highway stock stated,64000,two lanes equivalent length,reported actual/completed,Budget PDFs/tbf-goa-2023-2024 Budget.pdf,20,"expansion projects completed                                         57 school projects
                                                                                       underway
                  64,000 km highway                                                    14 school projects
                  existing (two lanes equivalent length)                               completed

                  ~4,800 bridge structures                                             1,750+ existing
                  existing                                                             school buildings",unit conflicts adjacent years; no stock growth estimate
2025,roads,highway lanes approx,64000,lane km,reported actual/completed,Budget PDFs/2024-2025 Budget.pdf,20,"projects that include continued                                      completed
                  renovations, modernizations, expansions
                  and/or redevelopment.                                                ~64,000 km highway
                                                                                       existing (lane kilometres)
                  11 health facility
                  capital programs                                                     ~4,800 bridge structures
                  in progress                                                          existing
                  All previously approved health facility",rounded stock
2024,roads,Calgary ring road completed,101,corridor km,reported actual/completed,Budget PDFs/tbf-goa-2023-2024 Budget.pdf,23,"(Red Deer)
                                           $22 million
• Construction is complete for 101                                                        • St. Patrick Catholic School
  kilometres of free flow traffic around   • Construction is complete for the 100-          (Grande Prairie)
  the Calgary region.                        bed Lakeview Recovery Community
                                             in Gunn, which is a purpose-built            • Westview School (Stony Plain)
                                             facility for the long-term treatment
                                             of Albertans pursuing recovery from","entire completed ring corridor, not west project length or annual addition"
2025,roads,Bow River bridge widening,4,westbound lanes,reported actual/completed,Budget PDFs/2024-2025 Budget.pdf,23,"Development (Grande Prairie)                                                             • Widening the existing westbound
                                               provides space that better supports
Total Capital Plan Funding: $11 million        patient and family-centered care.           bridge from 3 lanes to 4 lanes, a new
Expected Completion: Summer 2025                                                           eastbound bridge and a standalone
                                                                                           pedestrian crossing.
• This project will expand the power         Alberta Surgical Initiative
  engineering and instrumentation            Capital Program - Lethbridge
  facility with labs, adding                                                             School Projects",plus new eastbound bridge and pedestrian crossing
2025,water,Springbank off-stream reservoir,,project,reported actual/completed,Budget PDFs/2024-2025 Budget.pdf,23,"Chinook Regional Hospital.
Total Capital Plan Funding: $2 million                                                     (Coaldale)
Expected Completion: Summer 2025             Springbank Off-Stream Reservoir             • École Claudette-et-Denis-Tardif
• This project will construct a 4-storey                                                   (Sherwood Park)
                                             Total Capital Plan Funding:
  emergency shelter, second stage            $810 million                                • Elder Dr. Francis Whiskeyjack School
  shelter, and community resource                                                          (Edmonton)
  building in Cold Lake.                     • The dry reservoir, located","in completed section; flood protection,not drinkingwater"
2024,municipal,MSI actual funding,487,CAD million,reported actual/completed,Budget PDFs/tbf-goa-2023-2024 Budget.pdf,16,"municipalities a more predictable                  projects, the Strategic Transportation        2023-24 Major Capital
funding approach. In 2023-24, the                  Infrastructure Program, and the Water         Investment Projects Status
Capital Plan provided $487 million                 and Wastewater programs. These
through MSI. Baseline LGFF funding                 transactions are recorded as expense in                 Completed
                                                                                                             17%       Planning
totaling $722 million commences in                 the government’s Income Statement.                                    21%
2024-25.                                         In 2023-24, Capital Plan spending
                                                 totalled $6.3 billion, with $4.2 billion",grant financial input; not infrastructure delivery
2025,municipal,LGFF actual funding,724,CAD million,reported actual/completed,Budget PDFs/2024-2025 Budget.pdf,15,"to support a growing province.              Economic Development in Rural                Framework (LGFF)
                                            Alberta Plan
Highlights include the completion                                                        In 2024-25, $724 million was provided
of 12 school projects, roughly 30           The plan guides rural economic growth,       to Alberta municipalities with about
bridge projects, 65 road rehabilitation     reflecting on innovation, diversification,   half (53 per cent) allocated to Calgary
initiatives, 388 housing units, and         and sustainable, long-term economic          and Edmonton and the remainder to
17 health facility projects. The plan       development.                                 other municipalities in Alberta. The
allocated $1.3 billion to the Capital       • $19 million for the Irrigation             LGFF provides funding to Alberta’s",grant financial input;53percent Calgary+Edmonton
2025,municipal,combined rural transport and water programs projects supported,125,projects,funded,Budget PDFs/2024-2025 Budget.pdf,15,"included 43 school projects, the Stollery     Water/Wastewater Partnership and           mental health issues, access to holistic
Standalone Children’s Hospital, youth         Water for Life programs to support         and long-term treatment.
and adult mental health facilities, the       125 projects in rural communities          • A total of 11 recovery communities
NAIT Advanced Skills Centre Planning,         across Alberta.                              are being established in Alberta.
Olds College - WJ Elliott Expansion and
                                                                                           Three recovery communities are
Renewal, and Kananaskis Area                Alberta Petrochemicals Incentive               open in Red Deer, Lethbridge and
Trails Strategy.                            Program (APIP)                                 Gunn, providing 200 treatment",combined strategic transportation and water programs; supported not completed; not all water projects
