fiscal_year_revised,next_source_vintage,original_total_million,next_comparative_total_million,total_revision_million,original_grants_million,next_grants_million,grant_revision_million,original_investment_million,next_investment_million,investment_revision_million,source_file,pdf_page
2015-16,2016-17,6558,6558,0,1911,1911,0,4647,4647,0,Budget PDFs/2016-2017 Budget.pdf,12
2016-17,2017-18,6578,6578,0,2161,2161,0,4417,4417,0,Budget PDFs/2017 Budget.pdf,12
2017-18,2018-19,9016,9021,5,4017,4021,4,4999,5000,1,Budget PDFs/2018-19 Budget.pdf,3
2018-19,2019-20,6180,6057,-123,1952,1952,0,4228,4105,-123,Budget PDFs/2019-20 Budget.pdf,3
2019-20,2020-21,5564,5545,-19,1696,1678,-18,3868,3868,0,Budget PDFs/2020-21 Budget.pdf,3
2020-21,2021-22,6896,6896,0,2401,2401,0,4495,4495,0,Budget PDFs/2021-22 Budget.pdf,3
2021-22,2022-23,6622,6622,0,2503,2503,0,4119,4119,0,Budget PDFs/2022-2023 Budget.pdf,3
2022-23,2023-24,5644,5633,-11,1536,1525,-11,4108,4108,0,Budget PDFs/tbf-goa-2023-2024 Budget.pdf,3
2023-24,2024-25,6300,6300,0,2103,2103,0,4197,4197,0,Budget PDFs/2024-2025 Budget.pdf,3
