comparison,ministry,prior_actual_million,current_actual_million,change_million,source_file,pdf_page,scope
2018-19_to_2019-20,Advanced Education,694,554,-140,2019-20 Budget.pdf,15,paired ministry-reported attribution; not physical capacity
2018-19_to_2019-20,Agriculture and Forestry,37,28,-9,2019-20 Budget.pdf,15,paired ministry-reported attribution; not physical capacity
2018-19_to_2019-20,Community and Social Services,2,0,-2,2019-20 Budget.pdf,15,paired ministry-reported attribution; not physical capacity
2018-19_to_2019-20,"Culture, Multiculturalism, and Status of Women",88,40,-48,2019-20 Budget.pdf,15,paired ministry-reported attribution; not physical capacity
2018-19_to_2019-20,"Economic Development, Trade and Tourism",7,10,3,2019-20 Budget.pdf,15,paired ministry-reported attribution; not physical capacity
2018-19_to_2019-20,Education,678,600,-78,2019-20 Budget.pdf,15,paired ministry-reported attribution; not physical capacity
2018-19_to_2019-20,Energy,185,73,-112,2019-20 Budget.pdf,15,paired ministry-reported attribution; not physical capacity
2018-19_to_2019-20,Environment and Parks,172,68,-104,2019-20 Budget.pdf,15,paired ministry-reported attribution; not physical capacity
2018-19_to_2019-20,Health,925,1083,158,2019-20 Budget.pdf,15,paired ministry-reported attribution; not physical capacity
2018-19_to_2019-20,Indigenous Relations,48,3,-45,2019-20 Budget.pdf,15,paired ministry-reported attribution; not physical capacity
2018-19_to_2019-20,Infrastructure,269,125,-144,2019-20 Budget.pdf,15,paired ministry-reported attribution; not physical capacity
2018-19_to_2019-20,Justice and Solicitor General,8,5,-3,2019-20 Budget.pdf,15,paired ministry-reported attribution; not physical capacity
2018-19_to_2019-20,Labour and Immigration,3,1,-2,2019-20 Budget.pdf,15,paired ministry-reported attribution; not physical capacity
2018-19_to_2019-20,Municipal Affairs,889,1124,235,2019-20 Budget.pdf,15,paired ministry-reported attribution; not physical capacity
2018-19_to_2019-20,Seniors and Housing,170,182,12,2019-20 Budget.pdf,15,paired ministry-reported attribution; not physical capacity
2018-19_to_2019-20,Service Alberta,109,92,-17,2019-20 Budget.pdf,15,paired ministry-reported attribution; not physical capacity
2018-19_to_2019-20,Transportation,1757,1551,-206,2019-20 Budget.pdf,15,paired ministry-reported attribution; not physical capacity
2018-19_to_2019-20,Treasury Board and Finance,14,23,9,2019-20 Budget.pdf,15,paired ministry-reported attribution; not physical capacity
2018-19_to_2019-20,Legislative Assembly,2,1,-1,2019-20 Budget.pdf,15,paired ministry-reported attribution; not physical capacity
2019-20_to_2020-21,Advanced Education,554,484,-70,2020-21 Budget.pdf,18,paired ministry-reported attribution; not physical capacity
2019-20_to_2020-21,Agriculture and Forestry,28,40,12,2020-21 Budget.pdf,18,paired ministry-reported attribution; not physical capacity
2019-20_to_2020-21,Community and Social Services,0,0,0,2020-21 Budget.pdf,18,paired ministry-reported attribution; not physical capacity
2019-20_to_2020-21,"Culture, Multiculturalism, and Status of Women",40,40,0,2020-21 Budget.pdf,18,paired ministry-reported attribution; not physical capacity
2019-20_to_2020-21,Education,599,782,183,2020-21 Budget.pdf,18,paired ministry-reported attribution; not physical capacity
2019-20_to_2020-21,Energy,73,140,67,2020-21 Budget.pdf,18,paired ministry-reported attribution; not physical capacity
2019-20_to_2020-21,Environment and Parks,68,130,62,2020-21 Budget.pdf,18,paired ministry-reported attribution; not physical capacity
2019-20_to_2020-21,Health,1083,1111,28,2020-21 Budget.pdf,18,paired ministry-reported attribution; not physical capacity
2019-20_to_2020-21,Indigenous Relations,3,9,6,2020-21 Budget.pdf,18,paired ministry-reported attribution; not physical capacity
2019-20_to_2020-21,Infrastructure,123,164,41,2020-21 Budget.pdf,18,paired ministry-reported attribution; not physical capacity
2019-20_to_2020-21,"Jobs, Economy and Innovation",10,6,-4,2020-21 Budget.pdf,18,paired ministry-reported attribution; not physical capacity
2019-20_to_2020-21,Justice and Solicitor General,5,18,13,2020-21 Budget.pdf,18,paired ministry-reported attribution; not physical capacity
2019-20_to_2020-21,Labour and Immigration,1,0,-1,2020-21 Budget.pdf,18,paired ministry-reported attribution; not physical capacity
2019-20_to_2020-21,Municipal Affairs,1128,1730,602,2020-21 Budget.pdf,18,paired ministry-reported attribution; not physical capacity
2019-20_to_2020-21,Seniors and Housing,182,187,5,2020-21 Budget.pdf,18,paired ministry-reported attribution; not physical capacity
2019-20_to_2020-21,Service Alberta,86,61,-25,2020-21 Budget.pdf,18,paired ministry-reported attribution; not physical capacity
2019-20_to_2020-21,Transportation,1537,1979,442,2020-21 Budget.pdf,18,paired ministry-reported attribution; not physical capacity
2019-20_to_2020-21,Treasury Board and Finance,23,15,-8,2020-21 Budget.pdf,18,paired ministry-reported attribution; not physical capacity
2019-20_to_2020-21,Legislative Assembly,1,0,-1,2020-21 Budget.pdf,18,paired ministry-reported attribution; not physical capacity
