fiscal_year,budget_million,actual_million,prior_actual_million,pdf_page,source_file
2015-16,491,491,501,12,2015-2016 Annual Report.pdf
2016-17,496,487,491,14,2016-2017 Budget.pdf
2017-18,495,500,486,16,2017 Budget.pdf
2018-19,489,489,490,6,2018-19 Budget.pdf
2019-20,460,457,488,7,2019-20 Budget.pdf
2020-21,476,446,459,7,2020-21 Budget.pdf
2021-22,425,430,446,7,2021-22 Budget.pdf
2022-23,408,431,430,7,2022-2023 Budget.pdf
2023-24,462,462,447,7,tbf-goa-2023-2024 Budget.pdf
2024-25,488,467,462,7,2024-2025 Budget.pdf
