fiscal_year,ministry,budget_million,actual_million,prior_actual_million,pdf_page,source_file,vintage
2015-16,Advanced Education,876,767,773,18,2015-2016 Annual Report.pdf,contemporaneous; ministry reorganization caveats
2015-16,Agriculture and Forestry,53,50,60,18,2015-2016 Annual Report.pdf,contemporaneous; ministry reorganization caveats
2015-16,Culture and Tourism,41,40,48,18,2015-2016 Annual Report.pdf,contemporaneous; ministry reorganization caveats
2015-16,Economic Development and Trade,5,5,5,18,2015-2016 Annual Report.pdf,contemporaneous; ministry reorganization caveats
2015-16,Education,1333,1060,358,18,2015-2016 Annual Report.pdf,contemporaneous; ministry reorganization caveats
2015-16,Energy,305,176,79,18,2015-2016 Annual Report.pdf,contemporaneous; ministry reorganization caveats
2015-16,Environment and Parks,103,41,46,18,2015-2016 Annual Report.pdf,contemporaneous; ministry reorganization caveats
2015-16,Health,916,663,664,18,2015-2016 Annual Report.pdf,contemporaneous; ministry reorganization caveats
2015-16,Human Services,7,6,5,18,2015-2016 Annual Report.pdf,contemporaneous; ministry reorganization caveats
2015-16,Indigenous Relations,11,18,11,18,2015-2016 Annual Report.pdf,contemporaneous; ministry reorganization caveats
2015-16,Infrastructure,445,232,233,18,2015-2016 Annual Report.pdf,contemporaneous; ministry reorganization caveats
2015-16,Justice and Solicitor General,70,54,96,18,2015-2016 Annual Report.pdf,contemporaneous; ministry reorganization caveats
2015-16,Labour,1,3,1,18,2015-2016 Annual Report.pdf,contemporaneous; ministry reorganization caveats
2015-16,Municipal Affairs,1118,1142,1869,18,2015-2016 Annual Report.pdf,contemporaneous; ministry reorganization caveats
2015-16,Seniors and Housing,178,143,102,18,2015-2016 Annual Report.pdf,contemporaneous; ministry reorganization caveats
2015-16,Service Alberta,46,41,39,18,2015-2016 Annual Report.pdf,contemporaneous; ministry reorganization caveats
2015-16,Transportation,2025,1906,1633,18,2015-2016 Annual Report.pdf,contemporaneous; ministry reorganization caveats
2015-16,Treasury Board and Finance,33,22,30,18,2015-2016 Annual Report.pdf,contemporaneous; ministry reorganization caveats
2015-16,Legislative Assembly,2,1,0,18,2015-2016 Annual Report.pdf,contemporaneous; ministry reorganization caveats
2015-16,Culture and Tourism,0,0,1,18,2015-2016 Annual Report.pdf,contemporaneous; ministry reorganization caveats
2015-16,Education,10,0,5,18,2015-2016 Annual Report.pdf,contemporaneous; ministry reorganization caveats
2015-16,Environment and Parks,173,110,57,18,2015-2016 Annual Report.pdf,contemporaneous; ministry reorganization caveats
2015-16,Infrastructure,11,5,1,18,2015-2016 Annual Report.pdf,contemporaneous; ministry reorganization caveats
2015-16,Municipal Affairs,14,17,25,18,2015-2016 Annual Report.pdf,contemporaneous; ministry reorganization caveats
2015-16,Seniors and Housing,1,0,4,18,2015-2016 Annual Report.pdf,contemporaneous; ministry reorganization caveats
2015-16,Transportation,85,59,35,18,2015-2016 Annual Report.pdf,contemporaneous; ministry reorganization caveats
2016-17,Advanced Education,966,731,767,20,2016-2017 Budget.pdf,contemporaneous; ministry reorganization caveats
2016-17,Agriculture and Forestry,51,51,50,20,2016-2017 Budget.pdf,contemporaneous; ministry reorganization caveats
2016-17,Community and Social Services,4,4,3,20,2016-2017 Budget.pdf,contemporaneous; ministry reorganization caveats
2016-17,Culture and Tourism,48,47,40,20,2016-2017 Budget.pdf,contemporaneous; ministry reorganization caveats
2016-17,Economic Development and Trade,9,11,5,20,2016-2017 Budget.pdf,contemporaneous; ministry reorganization caveats
2016-17,Education,1900,1390,1060,20,2016-2017 Budget.pdf,contemporaneous; ministry reorganization caveats
2016-17,Energy,215,48,176,20,2016-2017 Budget.pdf,contemporaneous; ministry reorganization caveats
2016-17,Environment and Parks,51,44,40,20,2016-2017 Budget.pdf,contemporaneous; ministry reorganization caveats
2016-17,Health,958,667,712,20,2016-2017 Budget.pdf,contemporaneous; ministry reorganization caveats
2016-17,Indigenous Relations,3,8,18,20,2016-2017 Budget.pdf,contemporaneous; ministry reorganization caveats
2016-17,Infrastructure,372,199,232,20,2016-2017 Budget.pdf,contemporaneous; ministry reorganization caveats
2016-17,Justice and Solicitor General,39,24,54,20,2016-2017 Budget.pdf,contemporaneous; ministry reorganization caveats
2016-17,Labour,1,2,3,20,2016-2017 Budget.pdf,contemporaneous; ministry reorganization caveats
2016-17,Municipal Affairs,1503,1483,1142,20,2016-2017 Budget.pdf,contemporaneous; ministry reorganization caveats
2016-17,Seniors and Housing,289,328,93,20,2016-2017 Budget.pdf,contemporaneous; ministry reorganization caveats
2016-17,Service Alberta,105,73,41,20,2016-2017 Budget.pdf,contemporaneous; ministry reorganization caveats
2016-17,Transportation,1670,1267,1906,20,2016-2017 Budget.pdf,contemporaneous; ministry reorganization caveats
2016-17,Treasury Board and Finance,21,15,22,20,2016-2017 Budget.pdf,contemporaneous; ministry reorganization caveats
2016-17,Legislative Assembly,1,1,1,20,2016-2017 Budget.pdf,contemporaneous; ministry reorganization caveats
2016-17,Climate Leadership Plan,5,7,0,20,2016-2017 Budget.pdf,contemporaneous; ministry reorganization caveats
2016-17,Environment and Parks,204,116,110,20,2016-2017 Budget.pdf,contemporaneous; ministry reorganization caveats
2016-17,Infrastructure,11,12,5,20,2016-2017 Budget.pdf,contemporaneous; ministry reorganization caveats
2016-17,Municipal Affairs,14,17,17,20,2016-2017 Budget.pdf,contemporaneous; ministry reorganization caveats
2016-17,Transportation,42,33,59,20,2016-2017 Budget.pdf,contemporaneous; ministry reorganization caveats
2016-17,Other (Education / Health),0,1,0,20,2016-2017 Budget.pdf,contemporaneous; ministry reorganization caveats
2017-18,Advanced Education,1051,924,731,22,2017 Budget.pdf,contemporaneous; ministry reorganization caveats
2017-18,Agriculture and Forestry,54,51,51,22,2017 Budget.pdf,contemporaneous; ministry reorganization caveats
2017-18,Community and Social Services,4,3,4,22,2017 Budget.pdf,contemporaneous; ministry reorganization caveats
2017-18,Culture and Tourism,65,67,47,22,2017 Budget.pdf,contemporaneous; ministry reorganization caveats
2017-18,Economic Development and Trade,11,8,11,22,2017 Budget.pdf,contemporaneous; ministry reorganization caveats
2017-18,Education,1389,1252,1390,22,2017 Budget.pdf,contemporaneous; ministry reorganization caveats
2017-18,Energy,229,75,47,22,2017 Budget.pdf,contemporaneous; ministry reorganization caveats
2017-18,Environment and Parks,135,187,44,22,2017 Budget.pdf,contemporaneous; ministry reorganization caveats
2017-18,Health,1132,1000,667,22,2017 Budget.pdf,contemporaneous; ministry reorganization caveats
2017-18,Indigenous Relations,8,8,8,22,2017 Budget.pdf,contemporaneous; ministry reorganization caveats
2017-18,Infrastructure,282,191,199,22,2017 Budget.pdf,contemporaneous; ministry reorganization caveats
2017-18,Justice and Solicitor General,4,5,3,22,2017 Budget.pdf,contemporaneous; ministry reorganization caveats
2017-18,Labour,1,3,2,22,2017 Budget.pdf,contemporaneous; ministry reorganization caveats
2017-18,Municipal Affairs,1457,2249,1483,22,2017 Budget.pdf,contemporaneous; ministry reorganization caveats
2017-18,Seniors and Housing,306,191,328,22,2017 Budget.pdf,contemporaneous; ministry reorganization caveats
2017-18,Service Alberta,136,104,94,22,2017 Budget.pdf,contemporaneous; ministry reorganization caveats
2017-18,Transportation,2586,2250,1267,22,2017 Budget.pdf,contemporaneous; ministry reorganization caveats
2017-18,Treasury Board and Finance,18,15,15,22,2017 Budget.pdf,contemporaneous; ministry reorganization caveats
2017-18,Legislative Assembly,2,2,1,22,2017 Budget.pdf,contemporaneous; ministry reorganization caveats
2017-18,Environment and Parks,168,188,0,22,2017 Budget.pdf,contemporaneous; ministry reorganization caveats
2017-18,Health,16,7,2,22,2017 Budget.pdf,contemporaneous; ministry reorganization caveats
2017-18,Indigenous Relations,0,22,2,22,2017 Budget.pdf,contemporaneous; ministry reorganization caveats
2017-18,Transportation,17,189,1,22,2017 Budget.pdf,contemporaneous; ministry reorganization caveats
2017-18,Other (Agric. / Ec. Dev. / Infra. / Muni. Aff. / Seniors / Treas. Bd.),13,12,2,22,2017 Budget.pdf,contemporaneous; ministry reorganization caveats
2018-19,Advanced Education,714,680,921,9,2018-19 Budget.pdf,contemporaneous; ministry reorganization caveats
2018-19,Agriculture and Forestry,39,36,50,9,2018-19 Budget.pdf,contemporaneous; ministry reorganization caveats
2018-19,Community and Social Services,2,2,1,9,2018-19 Budget.pdf,contemporaneous; ministry reorganization caveats
2018-19,Culture and Tourism,76,87,67,9,2018-19 Budget.pdf,contemporaneous; ministry reorganization caveats
2018-19,Economic Development and Trade,10,7,8,9,2018-19 Budget.pdf,contemporaneous; ministry reorganization caveats
2018-19,Education,744,668,1229,9,2018-19 Budget.pdf,contemporaneous; ministry reorganization caveats
2018-19,Energy,194,154,73,9,2018-19 Budget.pdf,contemporaneous; ministry reorganization caveats
2018-19,Environment and Parks,65,69,187,9,2018-19 Budget.pdf,contemporaneous; ministry reorganization caveats
2018-19,Health,1338,640,1000,9,2018-19 Budget.pdf,contemporaneous; ministry reorganization caveats
2018-19,Indigenous Relations,8,8,8,9,2018-19 Budget.pdf,contemporaneous; ministry reorganization caveats
2018-19,Infrastructure,220,661,212,9,2018-19 Budget.pdf,contemporaneous; ministry reorganization caveats
2018-19,Justice and Solicitor General,10,8,4,9,2018-19 Budget.pdf,contemporaneous; ministry reorganization caveats
2018-19,Labour,2,3,3,9,2018-19 Budget.pdf,contemporaneous; ministry reorganization caveats
2018-19,Municipal Affairs,892,889,2248,9,2018-19 Budget.pdf,contemporaneous; ministry reorganization caveats
2018-19,Seniors and Housing,259,166,191,9,2018-19 Budget.pdf,contemporaneous; ministry reorganization caveats
2018-19,Service Alberta,117,109,126,9,2018-19 Budget.pdf,contemporaneous; ministry reorganization caveats
2018-19,Transportation,1481,1497,2233,9,2018-19 Budget.pdf,contemporaneous; ministry reorganization caveats
2018-19,Treasury Board and Finance,18,14,13,9,2018-19 Budget.pdf,contemporaneous; ministry reorganization caveats
2018-19,Legislative Assembly,3,2,2,9,2018-19 Budget.pdf,contemporaneous; ministry reorganization caveats
2018-19,Climate Leadership Plan,616,458,419,9,2018-19 Budget.pdf,contemporaneous; ministry reorganization caveats
2018-19,Contingency / unallocated,-391,0,0,9,2018-19 Budget.pdf,contemporaneous; ministry reorganization caveats
2019-20,Advanced Education,572,554,694,15,2019-20 Budget.pdf,contemporaneous; ministry reorganization caveats
2019-20,Agriculture and Forestry,41,28,37,15,2019-20 Budget.pdf,contemporaneous; ministry reorganization caveats
2019-20,Community and Social Services,1,0,2,15,2019-20 Budget.pdf,contemporaneous; ministry reorganization caveats
2019-20,"Culture, Multiculturalism, and Status of Women",52,40,88,15,2019-20 Budget.pdf,contemporaneous; ministry reorganization caveats
2019-20,"Economic Development, Trade and Tourism",16,10,7,15,2019-20 Budget.pdf,contemporaneous; ministry reorganization caveats
2019-20,Education,740,600,678,15,2019-20 Budget.pdf,contemporaneous; ministry reorganization caveats
2019-20,Energy,150,73,185,15,2019-20 Budget.pdf,contemporaneous; ministry reorganization caveats
2019-20,Environment and Parks,111,68,172,15,2019-20 Budget.pdf,contemporaneous; ministry reorganization caveats
2019-20,Health,1067,1083,925,15,2019-20 Budget.pdf,contemporaneous; ministry reorganization caveats
2019-20,Indigenous Relations,8,3,48,15,2019-20 Budget.pdf,contemporaneous; ministry reorganization caveats
2019-20,Infrastructure,229,125,269,15,2019-20 Budget.pdf,contemporaneous; ministry reorganization caveats
2019-20,Justice and Solicitor General,9,5,8,15,2019-20 Budget.pdf,contemporaneous; ministry reorganization caveats
2019-20,Labour and Immigration,1,1,3,15,2019-20 Budget.pdf,contemporaneous; ministry reorganization caveats
2019-20,Municipal Affairs,1132,1124,889,15,2019-20 Budget.pdf,contemporaneous; ministry reorganization caveats
2019-20,Seniors and Housing,151,182,170,15,2019-20 Budget.pdf,contemporaneous; ministry reorganization caveats
2019-20,Service Alberta,110,92,109,15,2019-20 Budget.pdf,contemporaneous; ministry reorganization caveats
2019-20,Transportation,1790,1551,1757,15,2019-20 Budget.pdf,contemporaneous; ministry reorganization caveats
2019-20,Treasury Board and Finance,24,23,14,15,2019-20 Budget.pdf,contemporaneous; ministry reorganization caveats
2019-20,Legislative Assembly,2,1,2,15,2019-20 Budget.pdf,contemporaneous; ministry reorganization caveats
2020-21,Advanced Education,654,484,554,18,2020-21 Budget.pdf,contemporaneous; ministry reorganization caveats
2020-21,Agriculture and Forestry,39,40,28,18,2020-21 Budget.pdf,contemporaneous; ministry reorganization caveats
2020-21,Community and Social Services,1,0,0,18,2020-21 Budget.pdf,contemporaneous; ministry reorganization caveats
2020-21,"Culture, Multiculturalism, and Status of Women",61,40,40,18,2020-21 Budget.pdf,contemporaneous; ministry reorganization caveats
2020-21,Education,841,782,599,18,2020-21 Budget.pdf,contemporaneous; ministry reorganization caveats
2020-21,Energy,163,140,73,18,2020-21 Budget.pdf,contemporaneous; ministry reorganization caveats
2020-21,Environment and Parks,123,130,68,18,2020-21 Budget.pdf,contemporaneous; ministry reorganization caveats
2020-21,Health,1288,1111,1083,18,2020-21 Budget.pdf,contemporaneous; ministry reorganization caveats
2020-21,Indigenous Relations,19,9,3,18,2020-21 Budget.pdf,contemporaneous; ministry reorganization caveats
2020-21,Infrastructure,266,164,123,18,2020-21 Budget.pdf,contemporaneous; ministry reorganization caveats
2020-21,"Jobs, Economy and Innovation",12,6,10,18,2020-21 Budget.pdf,contemporaneous; ministry reorganization caveats
2020-21,Justice and Solicitor General,10,18,5,18,2020-21 Budget.pdf,contemporaneous; ministry reorganization caveats
2020-21,Labour and Immigration,1,0,1,18,2020-21 Budget.pdf,contemporaneous; ministry reorganization caveats
2020-21,Municipal Affairs,1236,1730,1128,18,2020-21 Budget.pdf,contemporaneous; ministry reorganization caveats
2020-21,Seniors and Housing,216,187,182,18,2020-21 Budget.pdf,contemporaneous; ministry reorganization caveats
2020-21,Service Alberta,89,61,86,18,2020-21 Budget.pdf,contemporaneous; ministry reorganization caveats
2020-21,Transportation,1922,1979,1537,18,2020-21 Budget.pdf,contemporaneous; ministry reorganization caveats
2020-21,Treasury Board and Finance,19,15,23,18,2020-21 Budget.pdf,contemporaneous; ministry reorganization caveats
2020-21,Legislative Assembly,3,0,1,18,2020-21 Budget.pdf,contemporaneous; ministry reorganization caveats
2021-22,Advanced Education,653,583,484,17,2021-22 Budget.pdf,contemporaneous; ministry reorganization caveats
2021-22,"Agriculture, Forestry and Rural Economic Development",104,109,40,17,2021-22 Budget.pdf,contemporaneous; ministry reorganization caveats
2021-22,Community and Social Services,1,0,0,17,2021-22 Budget.pdf,contemporaneous; ministry reorganization caveats
2021-22,Culture and Status of Women,47,35,40,17,2021-22 Budget.pdf,contemporaneous; ministry reorganization caveats
2021-22,Education,1008,759,782,17,2021-22 Budget.pdf,contemporaneous; ministry reorganization caveats
2021-22,Energy,75,56,140,17,2021-22 Budget.pdf,contemporaneous; ministry reorganization caveats
2021-22,Environment and Parks,176,95,130,17,2021-22 Budget.pdf,contemporaneous; ministry reorganization caveats
2021-22,Health,1266,927,1111,17,2021-22 Budget.pdf,contemporaneous; ministry reorganization caveats
2021-22,Indigenous Relations,37,26,9,17,2021-22 Budget.pdf,contemporaneous; ministry reorganization caveats
2021-22,Infrastructure,468,221,164,17,2021-22 Budget.pdf,contemporaneous; ministry reorganization caveats
2021-22,"Jobs, Economy and Innovation",13,4,6,17,2021-22 Budget.pdf,contemporaneous; ministry reorganization caveats
2021-22,Justice and Solicitor General,18,16,18,17,2021-22 Budget.pdf,contemporaneous; ministry reorganization caveats
2021-22,Labour and Immigration,1,0,0,17,2021-22 Budget.pdf,contemporaneous; ministry reorganization caveats
2021-22,Municipal Affairs,1501,1708,1730,17,2021-22 Budget.pdf,contemporaneous; ministry reorganization caveats
2021-22,Seniors and Housing,141,138,187,17,2021-22 Budget.pdf,contemporaneous; ministry reorganization caveats
2021-22,Service Alberta,97,73,61,17,2021-22 Budget.pdf,contemporaneous; ministry reorganization caveats
2021-22,Transportation,2486,1855,1979,17,2021-22 Budget.pdf,contemporaneous; ministry reorganization caveats
2021-22,Treasury Board and Finance,19,14,15,17,2021-22 Budget.pdf,contemporaneous; ministry reorganization caveats
2021-22,Legislative Assembly,3,3,0,17,2021-22 Budget.pdf,contemporaneous; ministry reorganization caveats
