source_reporting_fiscal_year,category,budget_2024_25_million,actual_2024_25_million,actual_2023_24_million,source_reported_budget_change_million,source_reported_prior_change_million,source_file,pdf_page,scope
2024-25,Operating expense,60124.0,62025.0,58149.0,1901.0,3876.0,Budget PDFs/2024-2025 Budget.pdf,3,Expense by accounting type; not expense by function; source-paired budget comparison
2024-25,Capital grants,3469.0,2934.0,2103.0,-535.0,831.0,Budget PDFs/2024-2025 Budget.pdf,3,Expense by accounting type; not expense by function; source-paired budget comparison
2024-25,Disaster and emergency assistance,0,1932.0,3025.0,1932.0,-1093.0,Budget PDFs/2024-2025 Budget.pdf,3,Expense by accounting type; not expense by function; source-paired budget comparison
2024-25,Capital amort. / inventory consump. / asset disposal losses,4564.0,4446.0,4399.0,-119.0,47.0,Budget PDFs/2024-2025 Budget.pdf,3,Expense by accounting type; not expense by function; source-paired budget comparison
2024-25,Debt servicing costs - general,1856.0,1779.0,1826.0,-77.0,-47.0,Budget PDFs/2024-2025 Budget.pdf,3,Expense by accounting type; not expense by function; source-paired budget comparison
2024-25,Debt servicing costs - Capital Plan,1533.0,1436.0,1324.0,-97.0,113.0,Budget PDFs/2024-2025 Budget.pdf,3,Expense by accounting type; not expense by function; source-paired budget comparison
2024-25,Pension recovery,-364.0,-403.0,-372.0,-39.0,-31.0,Budget PDFs/2024-2025 Budget.pdf,3,Expense by accounting type; not expense by function; source-paired budget comparison
2024-25,Contingency,2000.0,0,0,-2000.0,0,Budget PDFs/2024-2025 Budget.pdf,3,Expense by accounting type; not expense by function; source-paired budget comparison
2024-25,Total Expense,73182.0,74149.0,70453.0,967.0,3695.0,Budget PDFs/2024-2025 Budget.pdf,3,Expense by accounting type; not expense by function; source-paired budget comparison
