baseline,endpoint,metric,nominal_total_growth_pct,population_growth_pct,cpi_growth_pct,cpi_adjusted_per_resident_growth_pct,calculation
2015-16,2024-25,health_expense_million,46.955008699975142928163062391250,17.807228915662650602409638554220,26.351608584816960937341747200,-1.2739691878512236811919149210500,"Independent pdfplumber source extraction + Decimal; allocation intensity, not outcome"
2015-16,2024-25,basic_advanced_education_expense_million,25.773422072698017991662400351060,17.807228915662650602409638554220,26.351608584816960937341747200,-15.503997769484138323531384102422,"Independent pdfplumber source extraction + Decimal; allocation intensity, not outcome"
2015-16,2024-25,social_services_expense_million,78.072390572390572390572390572390,17.807228915662650602409638554220,26.351608584816960937341747200,19.631038601311699275215805656040,"Independent pdfplumber source extraction + Decimal; allocation intensity, not outcome"
2015-16,2024-25,other_program_expense_million,55.354216867469879518072289156630,17.807228915662650602409638554220,26.351608584816960937341747200,4.3687135058341755920642594463800,"Independent pdfplumber source extraction + Decimal; allocation intensity, not outcome"
2015-16,2024-25,total_program_expense_million,45.838699785341919656547071450480,17.807228915662650602409638554220,26.351608584816960937341747200,-2.0239180958667325139799199271340,"Independent pdfplumber source extraction + Decimal; allocation intensity, not outcome"
2015-16,2024-25,debt_servicing_expense_million,314.30412371134020618556701030928,17.807228915662650602409638554220,26.351608584816960937341747200,178.33417890936432032454657963850,"Independent pdfplumber source extraction + Decimal; allocation intensity, not outcome"
2015-16,2024-25,total_expense_million,51.136340474103666863700291473880,17.807228915662650602409638554220,26.351608584816960937341747200,1.5350966154873949283244980731000,"Independent pdfplumber source extraction + Decimal; allocation intensity, not outcome"
2018-19,2024-25,health_expense_million,34.847862779982665024405820902330,13.883065455392499417656650361050,20.125706557211532800,-1.4290451059352721659256710229480,"Independent pdfplumber source extraction + Decimal; allocation intensity, not outcome"
2018-19,2024-25,basic_advanced_education_expense_million,15.820312500,13.883065455392499417656650361050,20.125706557211532800,-15.337784641932841240638028602771,"Independent pdfplumber source extraction + Decimal; allocation intensity, not outcome"
2018-19,2024-25,social_services_expense_million,44.230441452190216464973581046530,13.883065455392499417656650361050,20.125706557211532800,5.4294228002054881750417426090700,"Independent pdfplumber source extraction + Decimal; allocation intensity, not outcome"
2018-19,2024-25,other_program_expense_million,35.833473790662396763863138378560,13.883065455392499417656650361050,20.125706557211532800,-0.70858416221739298213142847377400,"Independent pdfplumber source extraction + Decimal; allocation intensity, not outcome"
2018-19,2024-25,total_program_expense_million,30.888774723863344464423323914720,13.883065455392499417656650361050,20.125706557211532800,-4.3230553049556330757266102082510,"Independent pdfplumber source extraction + Decimal; allocation intensity, not outcome"
2018-19,2024-25,debt_servicing_expense_million,63.115169964485032978183663115170,13.883065455392499417656650361050,20.125706557211532800,19.233762624332063393583481457140,"Independent pdfplumber source extraction + Decimal; allocation intensity, not outcome"
2018-19,2024-25,total_expense_million,31.743155126770072668478936801520,13.883065455392499417656650361050,20.125706557211532800,-3.6985211787107085377548164923800,"Independent pdfplumber source extraction + Decimal; allocation intensity, not outcome"
2019-20,2024-25,health_expense_million,31.917172438414851838629061049630,12.261768082663605051664753157290,18.001676382329600,-0.41790037363280594943362452994700,"Independent pdfplumber source extraction + Decimal; allocation intensity, not outcome"
2019-20,2024-25,basic_advanced_education_expense_million,14.868746242735956181951773428630,12.261768082663605051664753157290,18.001676382329600,-13.287476369763550664684434560993,"Independent pdfplumber source extraction + Decimal; allocation intensity, not outcome"
2019-20,2024-25,social_services_expense_million,36.417862324681605674673545058840,12.261768082663605051664753157290,18.001676382329600,2.9795962551767180685654248885300,"Independent pdfplumber source extraction + Decimal; allocation intensity, not outcome"
2019-20,2024-25,other_program_expense_million,25.013573256806018769875126037380,12.261768082663605051664753157290,18.001676382329600,-5.6293136322396298625422344156720,"Independent pdfplumber source extraction + Decimal; allocation intensity, not outcome"
2019-20,2024-25,total_program_expense_million,26.316069057104913678618857901730,12.261768082663605051664753157290,18.001676382329600,-4.6460810162673465844062864279280,"Independent pdfplumber source extraction + Decimal; allocation intensity, not outcome"
2019-20,2024-25,debt_servicing_expense_million,43.847874720357941834451901566000,12.261768082663605051664753157290,18.001676382329600,8.5883901743823658395705040524000,"Independent pdfplumber source extraction + Decimal; allocation intensity, not outcome"
2019-20,2024-25,total_expense_million,27.019665616006578045772235165140,12.261768082663605051664753157290,18.001676382329600,-4.1149475684364767505669246643200,"Independent pdfplumber source extraction + Decimal; allocation intensity, not outcome"
