source_reporting_fiscal_year,ministry,budget_2024_25_million,actual_2024_25_million,actual_2023_24_million,source_reported_budget_change_million,source_reported_prior_change_million,source_file,pdf_page,scope
2024-25,Advanced Education,6305.0,6608.0,6233.0,303.0,375.0,Budget PDFs/2024-2025 Budget.pdf,7,Operating expense by ministry; not total functional expense
2024-25,Affordability and Utilities,84.0,125.0,119.0,41.0,7.0,Budget PDFs/2024-2025 Budget.pdf,7,Operating expense by ministry; not total functional expense
2024-25,Agriculture and Irrigation,870.0,833.0,743.0,-36.0,90.0,Budget PDFs/2024-2025 Budget.pdf,7,Operating expense by ministry; not total functional expense
2024-25,"Arts, Culture and Status of Women",157.0,140.0,132.0,-16.0,8.0,Budget PDFs/2024-2025 Budget.pdf,7,Operating expense by ministry; not total functional expense
2024-25,Children and Family Services,1498.0,1515.0,1603.0,17.0,-88.0,Budget PDFs/2024-2025 Budget.pdf,7,Operating expense by ministry; not total functional expense
2024-25,Education,9252.0,9288.0,8878.0,36.0,410.0,Budget PDFs/2024-2025 Budget.pdf,7,Operating expense by ministry; not total functional expense
2024-25,Energy and Minerals,816.0,1223.0,824.0,407.0,399.0,Budget PDFs/2024-2025 Budget.pdf,7,Operating expense by ministry; not total functional expense
2024-25,Environment and Protected Areas,512.0,401.0,377.0,-111.0,23.0,Budget PDFs/2024-2025 Budget.pdf,7,Operating expense by ministry; not total functional expense
2024-25,Executive Council,63.0,57.0,48.0,-6.0,9.0,Budget PDFs/2024-2025 Budget.pdf,7,Operating expense by ministry; not total functional expense
2024-25,Forestry and Parks,351.0,352.0,285.0,1.0,67.0,Budget PDFs/2024-2025 Budget.pdf,7,Operating expense by ministry; not total functional expense
2024-25,Health,24648.0,25669.0,23746.0,1020.0,1923.0,Budget PDFs/2024-2025 Budget.pdf,7,Operating expense by ministry; not total functional expense
2024-25,Immigration and Multiculturalism,42.0,40.0,39.0,-2.0,0,Budget PDFs/2024-2025 Budget.pdf,7,Operating expense by ministry; not total functional expense
2024-25,Indigenous Relations,210.0,222.0,214.0,12.0,8.0,Budget PDFs/2024-2025 Budget.pdf,7,Operating expense by ministry; not total functional expense
2024-25,Infrastructure,488.0,467.0,462.0,-21.0,5.0,Budget PDFs/2024-2025 Budget.pdf,7,Operating expense by ministry; not total functional expense
2024-25,"Jobs, Economy and Trade",1849.0,1856.0,1557.0,7.0,299.0,Budget PDFs/2024-2025 Budget.pdf,7,Operating expense by ministry; not total functional expense
2024-25,Justice,681.0,676.0,652.0,-5.0,24.0,Budget PDFs/2024-2025 Budget.pdf,7,Operating expense by ministry; not total functional expense
2024-25,Mental Health and Addiction,1548.0,1597.0,1523.0,48.0,74.0,Budget PDFs/2024-2025 Budget.pdf,7,Operating expense by ministry; not total functional expense
2024-25,Municipal Affairs,235.0,228.0,220.0,-6.0,9.0,Budget PDFs/2024-2025 Budget.pdf,7,Operating expense by ministry; not total functional expense
2024-25,Public Safety and Emergency Services,1249.0,1259.0,1205.0,10.0,54.0,Budget PDFs/2024-2025 Budget.pdf,7,Operating expense by ministry; not total functional expense
2024-25,"Seniors, Community and Social Services",5410.0,5539.0,5327.0,128.0,211.0,Budget PDFs/2024-2025 Budget.pdf,7,Operating expense by ministry; not total functional expense
2024-25,Service Alberta and Red Tape Reduction,180.0,177.0,159.0,-3.0,18.0,Budget PDFs/2024-2025 Budget.pdf,7,Operating expense by ministry; not total functional expense
2024-25,Technology and Innovation,759.0,775.0,729.0,16.0,47.0,Budget PDFs/2024-2025 Budget.pdf,7,Operating expense by ministry; not total functional expense
2024-25,Tourism and Sport,126.0,124.0,112.0,-1.0,12.0,Budget PDFs/2024-2025 Budget.pdf,7,Operating expense by ministry; not total functional expense
2024-25,Transportation and Economic Corridors,549.0,583.0,564.0,34.0,20.0,Budget PDFs/2024-2025 Budget.pdf,7,Operating expense by ministry; not total functional expense
2024-25,Treasury Board and Finance,2086.0,2128.0,2237.0,42.0,-109.0,Budget PDFs/2024-2025 Budget.pdf,7,Operating expense by ministry; not total functional expense
2024-25,Legislative Assembly,156.0,144.0,160.0,-12.0,-16.0,Budget PDFs/2024-2025 Budget.pdf,7,Operating expense by ministry; not total functional expense
